--
-- PostgreSQL database dump
--

\restrict XV2ntvne6qwVLhbYbhcqfqyW5fEFnELMMu5xjhnLcB7T43DyEOgPvQ5bOBP50dD

-- Dumped from database version 18.1
-- Dumped by pg_dump version 18.1

SET statement_timeout = 0;
SET lock_timeout = 0;
SET idle_in_transaction_session_timeout = 0;
SET transaction_timeout = 0;
SET client_encoding = 'UTF8';
SET standard_conforming_strings = on;
SELECT pg_catalog.set_config('search_path', '', false);
SET check_function_bodies = false;
SET xmloption = content;
SET client_min_messages = warning;
SET row_security = off;

SET default_tablespace = '';

SET default_table_access_method = heap;

--
-- Name: attendance_records; Type: TABLE; Schema: public; Owner: postgres
--

CREATE TABLE public.attendance_records (
    id bigint NOT NULL,
    date date NOT NULL,
    check_in_time time without time zone,
    check_out_time time without time zone,
    type character varying(20) NOT NULL,
    status character varying(20) NOT NULL,
    check_in_location jsonb,
    check_out_location jsonb,
    check_in_photo text,
    check_out_photo text,
    total_hours numeric(4,2) NOT NULL,
    is_half_day boolean NOT NULL,
    notes text,
    created_at timestamp with time zone NOT NULL,
    updated_at timestamp with time zone NOT NULL,
    employee_id bigint NOT NULL,
    office_id character varying(10)
);


ALTER TABLE public.attendance_records OWNER TO postgres;

--
-- Name: attendance_records_id_seq; Type: SEQUENCE; Schema: public; Owner: postgres
--

ALTER TABLE public.attendance_records ALTER COLUMN id ADD GENERATED BY DEFAULT AS IDENTITY (
    SEQUENCE NAME public.attendance_records_id_seq
    START WITH 1
    INCREMENT BY 1
    NO MINVALUE
    NO MAXVALUE
    CACHE 1
);


--
-- Name: auth_group; Type: TABLE; Schema: public; Owner: postgres
--

CREATE TABLE public.auth_group (
    id integer NOT NULL,
    name character varying(150) NOT NULL
);


ALTER TABLE public.auth_group OWNER TO postgres;

--
-- Name: auth_group_id_seq; Type: SEQUENCE; Schema: public; Owner: postgres
--

ALTER TABLE public.auth_group ALTER COLUMN id ADD GENERATED BY DEFAULT AS IDENTITY (
    SEQUENCE NAME public.auth_group_id_seq
    START WITH 1
    INCREMENT BY 1
    NO MINVALUE
    NO MAXVALUE
    CACHE 1
);


--
-- Name: auth_group_permissions; Type: TABLE; Schema: public; Owner: postgres
--

CREATE TABLE public.auth_group_permissions (
    id bigint NOT NULL,
    group_id integer NOT NULL,
    permission_id integer NOT NULL
);


ALTER TABLE public.auth_group_permissions OWNER TO postgres;

--
-- Name: auth_group_permissions_id_seq; Type: SEQUENCE; Schema: public; Owner: postgres
--

ALTER TABLE public.auth_group_permissions ALTER COLUMN id ADD GENERATED BY DEFAULT AS IDENTITY (
    SEQUENCE NAME public.auth_group_permissions_id_seq
    START WITH 1
    INCREMENT BY 1
    NO MINVALUE
    NO MAXVALUE
    CACHE 1
);


--
-- Name: auth_permission; Type: TABLE; Schema: public; Owner: postgres
--

CREATE TABLE public.auth_permission (
    id integer NOT NULL,
    name character varying(255) NOT NULL,
    content_type_id integer NOT NULL,
    codename character varying(100) NOT NULL
);


ALTER TABLE public.auth_permission OWNER TO postgres;

--
-- Name: auth_permission_id_seq; Type: SEQUENCE; Schema: public; Owner: postgres
--

ALTER TABLE public.auth_permission ALTER COLUMN id ADD GENERATED BY DEFAULT AS IDENTITY (
    SEQUENCE NAME public.auth_permission_id_seq
    START WITH 1
    INCREMENT BY 1
    NO MINVALUE
    NO MAXVALUE
    CACHE 1
);


--
-- Name: auth_user; Type: TABLE; Schema: public; Owner: postgres
--

CREATE TABLE public.auth_user (
    id integer NOT NULL,
    password character varying(128) NOT NULL,
    last_login timestamp with time zone,
    is_superuser boolean NOT NULL,
    username character varying(150) NOT NULL,
    first_name character varying(150) NOT NULL,
    last_name character varying(150) NOT NULL,
    email character varying(254) NOT NULL,
    is_staff boolean NOT NULL,
    is_active boolean NOT NULL,
    date_joined timestamp with time zone NOT NULL
);


ALTER TABLE public.auth_user OWNER TO postgres;

--
-- Name: auth_user_groups; Type: TABLE; Schema: public; Owner: postgres
--

CREATE TABLE public.auth_user_groups (
    id bigint NOT NULL,
    user_id integer NOT NULL,
    group_id integer NOT NULL
);


ALTER TABLE public.auth_user_groups OWNER TO postgres;

--
-- Name: auth_user_groups_id_seq; Type: SEQUENCE; Schema: public; Owner: postgres
--

ALTER TABLE public.auth_user_groups ALTER COLUMN id ADD GENERATED BY DEFAULT AS IDENTITY (
    SEQUENCE NAME public.auth_user_groups_id_seq
    START WITH 1
    INCREMENT BY 1
    NO MINVALUE
    NO MAXVALUE
    CACHE 1
);


--
-- Name: auth_user_id_seq; Type: SEQUENCE; Schema: public; Owner: postgres
--

ALTER TABLE public.auth_user ALTER COLUMN id ADD GENERATED BY DEFAULT AS IDENTITY (
    SEQUENCE NAME public.auth_user_id_seq
    START WITH 1
    INCREMENT BY 1
    NO MINVALUE
    NO MAXVALUE
    CACHE 1
);


--
-- Name: auth_user_user_permissions; Type: TABLE; Schema: public; Owner: postgres
--

CREATE TABLE public.auth_user_user_permissions (
    id bigint NOT NULL,
    user_id integer NOT NULL,
    permission_id integer NOT NULL
);


ALTER TABLE public.auth_user_user_permissions OWNER TO postgres;

--
-- Name: auth_user_user_permissions_id_seq; Type: SEQUENCE; Schema: public; Owner: postgres
--

ALTER TABLE public.auth_user_user_permissions ALTER COLUMN id ADD GENERATED BY DEFAULT AS IDENTITY (
    SEQUENCE NAME public.auth_user_user_permissions_id_seq
    START WITH 1
    INCREMENT BY 1
    NO MINVALUE
    NO MAXVALUE
    CACHE 1
);


--
-- Name: birthday_wishes; Type: TABLE; Schema: public; Owner: postgres
--

CREATE TABLE public.birthday_wishes (
    id bigint NOT NULL,
    message text NOT NULL,
    is_read boolean NOT NULL,
    created_at timestamp with time zone NOT NULL,
    receiver_id bigint NOT NULL,
    sender_id bigint NOT NULL
);


ALTER TABLE public.birthday_wishes OWNER TO postgres;

--
-- Name: birthday_wishes_id_seq; Type: SEQUENCE; Schema: public; Owner: postgres
--

ALTER TABLE public.birthday_wishes ALTER COLUMN id ADD GENERATED BY DEFAULT AS IDENTITY (
    SEQUENCE NAME public.birthday_wishes_id_seq
    START WITH 1
    INCREMENT BY 1
    NO MINVALUE
    NO MAXVALUE
    CACHE 1
);


--
-- Name: department_office_access; Type: TABLE; Schema: public; Owner: postgres
--

CREATE TABLE public.department_office_access (
    id bigint NOT NULL,
    department character varying(20) NOT NULL,
    created_at timestamp with time zone NOT NULL,
    office_id character varying(10) NOT NULL
);


ALTER TABLE public.department_office_access OWNER TO postgres;

--
-- Name: department_office_access_id_seq; Type: SEQUENCE; Schema: public; Owner: postgres
--

ALTER TABLE public.department_office_access ALTER COLUMN id ADD GENERATED BY DEFAULT AS IDENTITY (
    SEQUENCE NAME public.department_office_access_id_seq
    START WITH 1
    INCREMENT BY 1
    NO MINVALUE
    NO MAXVALUE
    CACHE 1
);


--
-- Name: django_admin_log; Type: TABLE; Schema: public; Owner: postgres
--

CREATE TABLE public.django_admin_log (
    id integer NOT NULL,
    action_time timestamp with time zone NOT NULL,
    object_id text,
    object_repr character varying(200) NOT NULL,
    action_flag smallint NOT NULL,
    change_message text NOT NULL,
    content_type_id integer,
    user_id integer NOT NULL,
    CONSTRAINT django_admin_log_action_flag_check CHECK ((action_flag >= 0))
);


ALTER TABLE public.django_admin_log OWNER TO postgres;

--
-- Name: django_admin_log_id_seq; Type: SEQUENCE; Schema: public; Owner: postgres
--

ALTER TABLE public.django_admin_log ALTER COLUMN id ADD GENERATED BY DEFAULT AS IDENTITY (
    SEQUENCE NAME public.django_admin_log_id_seq
    START WITH 1
    INCREMENT BY 1
    NO MINVALUE
    NO MAXVALUE
    CACHE 1
);


--
-- Name: django_content_type; Type: TABLE; Schema: public; Owner: postgres
--

CREATE TABLE public.django_content_type (
    id integer NOT NULL,
    app_label character varying(100) NOT NULL,
    model character varying(100) NOT NULL
);


ALTER TABLE public.django_content_type OWNER TO postgres;

--
-- Name: django_content_type_id_seq; Type: SEQUENCE; Schema: public; Owner: postgres
--

ALTER TABLE public.django_content_type ALTER COLUMN id ADD GENERATED BY DEFAULT AS IDENTITY (
    SEQUENCE NAME public.django_content_type_id_seq
    START WITH 1
    INCREMENT BY 1
    NO MINVALUE
    NO MAXVALUE
    CACHE 1
);


--
-- Name: django_migrations; Type: TABLE; Schema: public; Owner: postgres
--

CREATE TABLE public.django_migrations (
    id bigint NOT NULL,
    app character varying(255) NOT NULL,
    name character varying(255) NOT NULL,
    applied timestamp with time zone NOT NULL
);


ALTER TABLE public.django_migrations OWNER TO postgres;

--
-- Name: django_migrations_id_seq; Type: SEQUENCE; Schema: public; Owner: postgres
--

ALTER TABLE public.django_migrations ALTER COLUMN id ADD GENERATED BY DEFAULT AS IDENTITY (
    SEQUENCE NAME public.django_migrations_id_seq
    START WITH 1
    INCREMENT BY 1
    NO MINVALUE
    NO MAXVALUE
    CACHE 1
);


--
-- Name: django_session; Type: TABLE; Schema: public; Owner: postgres
--

CREATE TABLE public.django_session (
    session_key character varying(40) NOT NULL,
    session_data text NOT NULL,
    expire_date timestamp with time zone NOT NULL
);


ALTER TABLE public.django_session OWNER TO postgres;

--
-- Name: employee_documents; Type: TABLE; Schema: public; Owner: postgres
--

CREATE TABLE public.employee_documents (
    id bigint NOT NULL,
    doc_type character varying(50) NOT NULL,
    doc_name character varying(100) NOT NULL,
    doc_number character varying(100),
    file_name character varying(255) NOT NULL,
    file_path character varying(255) NOT NULL,
    uploaded_at timestamp with time zone NOT NULL,
    employee_id bigint NOT NULL
);


ALTER TABLE public.employee_documents OWNER TO postgres;

--
-- Name: employee_documents_id_seq; Type: SEQUENCE; Schema: public; Owner: postgres
--

ALTER TABLE public.employee_documents ALTER COLUMN id ADD GENERATED BY DEFAULT AS IDENTITY (
    SEQUENCE NAME public.employee_documents_id_seq
    START WITH 1
    INCREMENT BY 1
    NO MINVALUE
    NO MAXVALUE
    CACHE 1
);


--
-- Name: employee_profiles; Type: TABLE; Schema: public; Owner: postgres
--

CREATE TABLE public.employee_profiles (
    id bigint NOT NULL,
    emergency_contact_name character varying(100),
    emergency_contact_phone character varying(20),
    alternate_number character varying(20),
    bank_account_number character varying(50),
    bank_ifsc character varying(20),
    bank_bank_name character varying(100),
    pan_number character varying(20),
    aadhar_number character varying(20),
    qualification character varying(255),
    certificates_summary text,
    home_address text,
    current_address text,
    date_of_joining date,
    skill_set text,
    reporting_manager character varying(100),
    planned_leaves integer NOT NULL,
    unplanned_leaves integer NOT NULL,
    professional_training text,
    family_details text,
    marital_status character varying(20),
    personal_email character varying(254),
    gender character varying(20),
    date_of_birth date,
    documents_pdf_path character varying(255),
    created_at timestamp with time zone NOT NULL,
    updated_at timestamp with time zone NOT NULL,
    employee_id bigint NOT NULL
);


ALTER TABLE public.employee_profiles OWNER TO postgres;

--
-- Name: employee_profiles_id_seq; Type: SEQUENCE; Schema: public; Owner: postgres
--

ALTER TABLE public.employee_profiles ALTER COLUMN id ADD GENERATED BY DEFAULT AS IDENTITY (
    SEQUENCE NAME public.employee_profiles_id_seq
    START WITH 1
    INCREMENT BY 1
    NO MINVALUE
    NO MAXVALUE
    CACHE 1
);


--
-- Name: employee_requests; Type: TABLE; Schema: public; Owner: postgres
--

CREATE TABLE public.employee_requests (
    id bigint NOT NULL,
    request_type character varying(20) NOT NULL,
    start_date date NOT NULL,
    end_date date NOT NULL,
    reason text,
    status character varying(20) NOT NULL,
    admin_response text,
    reviewed_at timestamp with time zone,
    created_at timestamp with time zone NOT NULL,
    updated_at timestamp with time zone NOT NULL,
    employee_id bigint NOT NULL,
    reviewed_by_id bigint,
    half_day_period character varying(20)
);


ALTER TABLE public.employee_requests OWNER TO postgres;

--
-- Name: employee_requests_id_seq; Type: SEQUENCE; Schema: public; Owner: postgres
--

ALTER TABLE public.employee_requests ALTER COLUMN id ADD GENERATED BY DEFAULT AS IDENTITY (
    SEQUENCE NAME public.employee_requests_id_seq
    START WITH 1
    INCREMENT BY 1
    NO MINVALUE
    NO MAXVALUE
    CACHE 1
);


--
-- Name: employees; Type: TABLE; Schema: public; Owner: postgres
--

CREATE TABLE public.employees (
    id bigint NOT NULL,
    username character varying(50) NOT NULL,
    password character varying(255) NOT NULL,
    name character varying(100) NOT NULL,
    email character varying(254) NOT NULL,
    phone character varying(20) NOT NULL,
    department character varying(20) NOT NULL,
    primary_office character varying(10) NOT NULL,
    role character varying(20) NOT NULL,
    is_active boolean NOT NULL,
    created_at timestamp with time zone NOT NULL,
    updated_at timestamp with time zone NOT NULL,
    manager_id bigint
);


ALTER TABLE public.employees OWNER TO postgres;

--
-- Name: employees_id_seq; Type: SEQUENCE; Schema: public; Owner: postgres
--

ALTER TABLE public.employees ALTER COLUMN id ADD GENERATED BY DEFAULT AS IDENTITY (
    SEQUENCE NAME public.employees_id_seq
    START WITH 1
    INCREMENT BY 1
    NO MINVALUE
    NO MAXVALUE
    CACHE 1
);


--
-- Name: office_locations; Type: TABLE; Schema: public; Owner: postgres
--

CREATE TABLE public.office_locations (
    id character varying(10) NOT NULL,
    name character varying(100) NOT NULL,
    address text NOT NULL,
    latitude numeric(10,8) NOT NULL,
    longitude numeric(11,8) NOT NULL,
    radius_meters integer NOT NULL,
    is_active boolean NOT NULL,
    created_at timestamp with time zone NOT NULL,
    updated_at timestamp with time zone NOT NULL
);


ALTER TABLE public.office_locations OWNER TO postgres;

--
-- Name: task_comments; Type: TABLE; Schema: public; Owner: postgres
--

CREATE TABLE public.task_comments (
    id bigint NOT NULL,
    content text NOT NULL,
    created_at timestamp with time zone NOT NULL,
    author_id bigint NOT NULL,
    task_id bigint NOT NULL
);


ALTER TABLE public.task_comments OWNER TO postgres;

--
-- Name: task_comments_id_seq; Type: SEQUENCE; Schema: public; Owner: postgres
--

ALTER TABLE public.task_comments ALTER COLUMN id ADD GENERATED BY DEFAULT AS IDENTITY (
    SEQUENCE NAME public.task_comments_id_seq
    START WITH 1
    INCREMENT BY 1
    NO MINVALUE
    NO MAXVALUE
    CACHE 1
);


--
-- Name: tasks; Type: TABLE; Schema: public; Owner: postgres
--

CREATE TABLE public.tasks (
    id bigint NOT NULL,
    title character varying(200) NOT NULL,
    description text,
    status character varying(20) NOT NULL,
    priority character varying(20) NOT NULL,
    due_date date,
    created_at timestamp with time zone NOT NULL,
    updated_at timestamp with time zone NOT NULL,
    assigned_to_id bigint NOT NULL,
    created_by_id bigint NOT NULL,
    manager_id bigint
);


ALTER TABLE public.tasks OWNER TO postgres;

--
-- Name: tasks_id_seq; Type: SEQUENCE; Schema: public; Owner: postgres
--

ALTER TABLE public.tasks ALTER COLUMN id ADD GENERATED BY DEFAULT AS IDENTITY (
    SEQUENCE NAME public.tasks_id_seq
    START WITH 1
    INCREMENT BY 1
    NO MINVALUE
    NO MAXVALUE
    CACHE 1
);


--
-- Data for Name: attendance_records; Type: TABLE DATA; Schema: public; Owner: postgres
--

COPY public.attendance_records (id, date, check_in_time, check_out_time, type, status, check_in_location, check_out_location, check_in_photo, check_out_photo, total_hours, is_half_day, notes, created_at, updated_at, employee_id, office_id) FROM stdin;
\.


--
-- Data for Name: auth_group; Type: TABLE DATA; Schema: public; Owner: postgres
--

COPY public.auth_group (id, name) FROM stdin;
\.


--
-- Data for Name: auth_group_permissions; Type: TABLE DATA; Schema: public; Owner: postgres
--

COPY public.auth_group_permissions (id, group_id, permission_id) FROM stdin;
\.


--
-- Data for Name: auth_permission; Type: TABLE DATA; Schema: public; Owner: postgres
--

COPY public.auth_permission (id, name, content_type_id, codename) FROM stdin;
1	Can add log entry	1	add_logentry
2	Can change log entry	1	change_logentry
3	Can delete log entry	1	delete_logentry
4	Can view log entry	1	view_logentry
5	Can add permission	2	add_permission
6	Can change permission	2	change_permission
7	Can delete permission	2	delete_permission
8	Can view permission	2	view_permission
9	Can add group	3	add_group
10	Can change group	3	change_group
11	Can delete group	3	delete_group
12	Can view group	3	view_group
13	Can add user	4	add_user
14	Can change user	4	change_user
15	Can delete user	4	delete_user
16	Can view user	4	view_user
17	Can add content type	5	add_contenttype
18	Can change content type	5	change_contenttype
19	Can delete content type	5	delete_contenttype
20	Can view content type	5	view_contenttype
21	Can add session	6	add_session
22	Can change session	6	change_session
23	Can delete session	6	delete_session
24	Can view session	6	view_session
25	Can add office location	7	add_officelocation
26	Can change office location	7	change_officelocation
27	Can delete office location	7	delete_officelocation
28	Can view office location	7	view_officelocation
29	Can add employee	8	add_employee
30	Can change employee	8	change_employee
31	Can delete employee	8	delete_employee
32	Can view employee	8	view_employee
33	Can add employee profile	9	add_employeeprofile
34	Can change employee profile	9	change_employeeprofile
35	Can delete employee profile	9	delete_employeeprofile
36	Can view employee profile	9	view_employeeprofile
37	Can add employee document	10	add_employeedocument
38	Can change employee document	10	change_employeedocument
39	Can delete employee document	10	delete_employeedocument
40	Can view employee document	10	view_employeedocument
41	Can add department office access	11	add_departmentofficeaccess
42	Can change department office access	11	change_departmentofficeaccess
43	Can delete department office access	11	delete_departmentofficeaccess
44	Can view department office access	11	view_departmentofficeaccess
45	Can add attendance record	12	add_attendancerecord
46	Can change attendance record	12	change_attendancerecord
47	Can delete attendance record	12	delete_attendancerecord
48	Can view attendance record	12	view_attendancerecord
49	Can add task	13	add_task
50	Can change task	13	change_task
51	Can delete task	13	delete_task
52	Can view task	13	view_task
53	Can add employee request	14	add_employeerequest
54	Can change employee request	14	change_employeerequest
55	Can delete employee request	14	delete_employeerequest
56	Can view employee request	14	view_employeerequest
57	Can add birthday wish	15	add_birthdaywish
58	Can change birthday wish	15	change_birthdaywish
59	Can delete birthday wish	15	delete_birthdaywish
60	Can view birthday wish	15	view_birthdaywish
61	Can add task comment	16	add_taskcomment
62	Can change task comment	16	change_taskcomment
63	Can delete task comment	16	delete_taskcomment
64	Can view task comment	16	view_taskcomment
\.


--
-- Data for Name: auth_user; Type: TABLE DATA; Schema: public; Owner: postgres
--

COPY public.auth_user (id, password, last_login, is_superuser, username, first_name, last_name, email, is_staff, is_active, date_joined) FROM stdin;
\.


--
-- Data for Name: auth_user_groups; Type: TABLE DATA; Schema: public; Owner: postgres
--

COPY public.auth_user_groups (id, user_id, group_id) FROM stdin;
\.


--
-- Data for Name: auth_user_user_permissions; Type: TABLE DATA; Schema: public; Owner: postgres
--

COPY public.auth_user_user_permissions (id, user_id, permission_id) FROM stdin;
\.


--
-- Data for Name: birthday_wishes; Type: TABLE DATA; Schema: public; Owner: postgres
--

COPY public.birthday_wishes (id, message, is_read, created_at, receiver_id, sender_id) FROM stdin;
\.


--
-- Data for Name: department_office_access; Type: TABLE DATA; Schema: public; Owner: postgres
--

COPY public.department_office_access (id, department, created_at, office_id) FROM stdin;
1	IT	2026-01-30 16:19:39.419906+05:30	79
2	IT	2026-01-30 16:19:39.421524+05:30	105
3	HR	2026-01-30 16:19:39.422657+05:30	79
4	HR	2026-01-30 16:19:39.422657+05:30	105
5	Surveyors	2026-01-30 16:19:39.423657+05:30	79
6	Surveyors	2026-01-30 16:19:39.423657+05:30	105
7	Accounts	2026-01-30 16:19:39.423657+05:30	79
8	Accounts	2026-01-30 16:19:39.424656+05:30	105
9	Growth	2026-01-30 16:19:39.424656+05:30	79
10	Growth	2026-01-30 16:19:39.425162+05:30	105
11	Others	2026-01-30 16:19:39.425162+05:30	79
12	Others	2026-01-30 16:19:39.426246+05:30	105
\.


--
-- Data for Name: django_admin_log; Type: TABLE DATA; Schema: public; Owner: postgres
--

COPY public.django_admin_log (id, action_time, object_id, object_repr, action_flag, change_message, content_type_id, user_id) FROM stdin;
\.


--
-- Data for Name: django_content_type; Type: TABLE DATA; Schema: public; Owner: postgres
--

COPY public.django_content_type (id, app_label, model) FROM stdin;
1	admin	logentry
2	auth	permission
3	auth	group
4	auth	user
5	contenttypes	contenttype
6	sessions	session
7	attendance	officelocation
8	attendance	employee
9	attendance	employeeprofile
10	attendance	employeedocument
11	attendance	departmentofficeaccess
12	attendance	attendancerecord
13	attendance	task
14	attendance	employeerequest
15	attendance	birthdaywish
16	attendance	taskcomment
\.


--
-- Data for Name: django_migrations; Type: TABLE DATA; Schema: public; Owner: postgres
--

COPY public.django_migrations (id, app, name, applied) FROM stdin;
1	contenttypes	0001_initial	2026-01-30 16:19:30.651428+05:30
2	auth	0001_initial	2026-01-30 16:19:30.755008+05:30
3	admin	0001_initial	2026-01-30 16:19:30.784545+05:30
4	admin	0002_logentry_remove_auto_add	2026-01-30 16:19:30.792416+05:30
5	admin	0003_logentry_add_action_flag_choices	2026-01-30 16:19:30.797931+05:30
6	attendance	0001_initial	2026-01-30 16:19:30.962691+05:30
7	attendance	0002_task	2026-01-30 16:19:31.004184+05:30
8	attendance	0003_leaverequest	2026-01-30 16:19:31.039256+05:30
9	attendance	0004_employeerequest_and_more	2026-01-30 16:19:31.238243+05:30
10	attendance	0005_alter_employeerequest_request_type	2026-01-30 16:19:31.245356+05:30
11	attendance	0006_employeerequest_half_day_period	2026-01-30 16:19:31.253981+05:30
12	attendance	0007_birthdaywish	2026-01-30 16:19:31.290503+05:30
13	attendance	0008_employee_manager_alter_employee_role_taskcomment	2026-01-30 16:19:31.341571+05:30
14	attendance	0009_task_manager	2026-01-30 16:19:31.35509+05:30
15	contenttypes	0002_remove_content_type_name	2026-01-30 16:19:31.37713+05:30
16	auth	0002_alter_permission_name_max_length	2026-01-30 16:19:31.387244+05:30
17	auth	0003_alter_user_email_max_length	2026-01-30 16:19:31.39463+05:30
18	auth	0004_alter_user_username_opts	2026-01-30 16:19:31.40278+05:30
19	auth	0005_alter_user_last_login_null	2026-01-30 16:19:31.411672+05:30
20	auth	0006_require_contenttypes_0002	2026-01-30 16:19:31.412674+05:30
21	auth	0007_alter_validators_add_error_messages	2026-01-30 16:19:31.420712+05:30
22	auth	0008_alter_user_username_max_length	2026-01-30 16:19:31.4356+05:30
23	auth	0009_alter_user_last_name_max_length	2026-01-30 16:19:31.447513+05:30
24	auth	0010_alter_group_name_max_length	2026-01-30 16:19:31.46291+05:30
25	auth	0011_update_proxy_permissions	2026-01-30 16:19:31.485547+05:30
26	auth	0012_alter_user_first_name_max_length	2026-01-30 16:19:31.494409+05:30
27	sessions	0001_initial	2026-01-30 16:19:31.508019+05:30
\.


--
-- Data for Name: django_session; Type: TABLE DATA; Schema: public; Owner: postgres
--

COPY public.django_session (session_key, session_data, expire_date) FROM stdin;
\.


--
-- Data for Name: employee_documents; Type: TABLE DATA; Schema: public; Owner: postgres
--

COPY public.employee_documents (id, doc_type, doc_name, doc_number, file_name, file_path, uploaded_at, employee_id) FROM stdin;
1	aadhar	Aadhaar Card	32442fgdgd	keshav.s_1764308362_keshav.s_aadhar.pdf	uploads/keshav.s_1764308362_keshav.s_aadhar.pdf	2026-01-30 16:19:39.427247+05:30	2
2	pan	PAN Card	HAGPK9920L	keshav.s_1764308362_keshav.s_pan.pdf	uploads/keshav.s_1764308362_keshav.s_pan.pdf	2026-01-30 16:19:39.428756+05:30	2
5	other_id	tyjuytfu	fgrtyt	keshav.s_1764308362_keshav.s_tyjuytfu.pdf	uploads/keshav.s_1764308362_keshav.s_tyjuytfu.pdf	2026-01-30 16:19:39.429983+05:30	2
6	highest_qualification	BCA MCA		keshav.s_1764308472_keshav.s_highestqualification.pdf	uploads/keshav.s_1764308472_keshav.s_highestqualification.pdf	2026-01-30 16:19:39.429983+05:30	2
9	aadhar	Aadhaar Card	880887411962	afnanmir08_1766938180_afnanmir08_aadhar.pdf	uploads/afnanmir08_1766938180_afnanmir08_aadhar.pdf	2026-01-30 16:19:39.429983+05:30	108
10	pan	PAN Card	IDIPM5484H	afnanmir08_1766938180_afnanmir08_pan.pdf	uploads/afnanmir08_1766938180_afnanmir08_pan.pdf	2026-01-30 16:19:39.43149+05:30	108
\.


--
-- Data for Name: employee_profiles; Type: TABLE DATA; Schema: public; Owner: postgres
--

COPY public.employee_profiles (id, emergency_contact_name, emergency_contact_phone, alternate_number, bank_account_number, bank_ifsc, bank_bank_name, pan_number, aadhar_number, qualification, certificates_summary, home_address, current_address, date_of_joining, skill_set, reporting_manager, planned_leaves, unplanned_leaves, professional_training, family_details, marital_status, personal_email, gender, date_of_birth, documents_pdf_path, created_at, updated_at, employee_id) FROM stdin;
7			9779969654	41387325069	SBIN0001828	\N			\N	\N	#808, phase 4, mohali(pb)		2025-10-15	HTML, CSS, Bootstrap, Python, Django		0	0			single		female	2005-09-30	\N	2026-01-30 16:19:39.40623+05:30	2026-01-30 16:19:39.40623+05:30	21
8	6206945227	6206945227	6206845227			\N			\N	\N	Hazaribagh, Jharkhand, 825311	Banur, Punjab, 140301	\N			0	0			single	anuj.hanuai@gmail.com	male	2003-09-18	\N	2026-01-30 16:19:39.409207+05:30	2026-01-30 16:19:39.409207+05:30	22
27	Ravinder Singh	7015212245	7015212245	50100782031017	HDFC0001417	\N	ILXPS1264N	‭933619243729‬	\N	\N	1642-F/1, Ishwar nagar, workshop road, yamunanagar, haryana	616 bjbf heights, sante majra, kharar landran road, Mohali	\N			0	0		Ravinder Singh - Brother - 7015212245	single	tarundeep416@gmail.com	male	1999-12-18	\N	2026-01-30 16:19:39.409207+05:30	2026-01-30 16:19:39.409207+05:30	116
10						\N			\N	\N			\N			0	0			single	akshitarora672003@gmail.com	male	2003-07-06	\N	2026-01-30 16:19:39.410241+05:30	2026-01-30 16:19:39.410241+05:30	30
11	Nishant kagra	8351907905				\N			\N	\N	Runjha, Mandi Subdistrict	Near christ the king church church road dashmesh nagar nayagaon.	2025-11-24	Python.		0	0			single	nishantkagra420@gmail.com	male	2002-08-22	\N	2026-01-30 16:19:39.411428+05:30	2026-01-30 16:19:39.411428+05:30	5
12						\N			\N	\N			2025-03-17			0	0			single		male	\N	\N	2026-01-30 16:19:39.411428+05:30	2026-01-30 16:19:39.411428+05:30	35
15						\N			\N	\N			\N			0	0			single	adityaad79@gmail.com	male	2001-02-10	\N	2026-01-30 16:19:39.411428+05:30	2026-01-30 16:19:39.411428+05:30	33
16	7973689236	7973689236	7973689236			\N			\N	\N	Dhangadhimai-01siraha nepal	Ramnagar banur	2025-10-01			0	0			single	rameshyadav57812@gmail.com	male	2001-04-20	\N	2026-01-30 16:19:39.412888+05:30	2026-01-30 16:19:39.412888+05:30	28
17						\N			\N	\N			\N			0	0			single		male	\N	\N	2026-01-30 16:19:39.412888+05:30	2026-01-30 16:19:39.412888+05:30	11
18						\N			\N	\N			\N			0	0			single		male	\N	\N	2026-01-30 16:19:39.413887+05:30	2026-01-30 16:19:39.413887+05:30	7
19			8427291205			\N			\N	\N			2025-12-08		Ms Prerna Kalra	0	0			single		male	\N	\N	2026-01-30 16:19:39.413887+05:30	2026-01-30 16:19:39.413887+05:30	102
3			9988222890	42420100001360		\N	QNZPS5120R	737828956773	\N	\N	Ajit Nagar, Bassi Road, Sirhind, Fatehgarh Sahib	110,TDI City, Mohali	2025-10-15	Python, Django, HTML, CSS, Surveyor		0	0		Bhagwant Singh - Father\\nParminder Kaur - Mother	single	yuvrajjabbal@gmail.com	male	2004-01-20	\N	2026-01-30 16:19:39.414991+05:30	2026-01-30 16:19:39.414991+05:30	14
2	00000000000	33333333333	6562325035	5296491	oan1551	\N	326261430	548131683145	\N	\N	jalandhar	mohali	2025-08-05	python ai	hr	10	2		father \\n12451651321	single	zaildarsukh3@gmail.com	male	2003-07-10	\N	2026-01-30 16:19:39.414991+05:30	2026-01-30 16:19:39.414991+05:30	3
24	SUNNY	7870303674	9279008436	5906304119	CBIN0282467	\N	JCIPK4693C	522814127516	\N	\N	BSNL TOWER, PREMRAJ, POST - R.KORIGAWN, PS- GORAUL, VAISHALI, BIHAR -844114	BSNL TOWER, PREMRAJ, POST - R.KORIGAWN, PS- GORAUL, VAISHALI, BIHAR -844114	2025-12-06	ADCA, AUTOCAD, HDD MACHINE OPARATION	MANI KUMAR	0	0		MANI KUMAR - BROTHER	single	sunnykumar7544886994@gmail.com	male	2000-08-08	\N	2026-01-30 16:19:39.414991+05:30	2026-01-30 16:19:39.414991+05:30	107
25	FATHER	+917743018929	8360375531	44490666959	SBIN00511214	\N		650779952249	\N	\N	DISTT.HOSHIARPUR \\nTEHSIL-MUKERIAN \\nVPO-DEPUR	DISTT.HOSHIARPUR \\nTEHSIL-MUKERIAN \\nVPO-DEPUR	2025-12-08	Basic knowledge of computer or laptop		0	0			single	shibuchoudhary83@gmail.com	male	2007-03-19	\N	2026-01-30 16:19:39.416149+05:30	2026-01-30 16:19:39.416149+05:30	106
26	Avinash	7667842845	7667842845	410502010706072	UBIN0541052	\N	QRMPS9630B	716697866283	\N	\N	Bahimar hazaribagh jharkhand	Banur punjab	2025-12-09		Rajnish sir/ kaushal Saini sir / Bharti ma'am	0	0			single	avinash766784@gmail.com	male	2004-01-19	\N	2026-01-30 16:19:39.417182+05:30	2026-01-30 16:19:39.417182+05:30	110
1	Sunny Bishnoi	9518254390	8708592384	0970000102089161	PUNB0097000	\N	HAGPK9920L	259651427524	\N	\N	Abubshahar, Mandi Dabwali, Sirsa, Haryana	Mohali, Punjab, India	2025-10-15	Front-end Developer	Mohneesh Sir	10	0		Vijay Pal - Father - 9416192384	single	Kmsuthar2903@gmail.com	male	1999-03-29	\N	2026-01-30 16:19:39.417182+05:30	2026-01-30 16:19:39.417182+05:30	2
28	Afnan Mir	06206271022	9955140653	55520100011725	BARB0BEROXX	\N	IDIPM5484H	880887411962	\N	\N	Mahru , Bero, Ranchi Jharkhand	Mahru , Bero, Ranchi Jharkhand	2025-09-12	Java , SQL , MongoDB, React , Express, Node.js , Flutter , Firebase , HTML , CSS, JS, C, C++, Digital Marketing, Ui / Ux	Rajnish Sir	0	0		Jaferul Mir - Father - 8757081888\\nSanjeeda Khatoon - Mother - 9955140653	single	afnanmir9060@gmail.com	male	2005-08-03	\N	2026-01-30 16:19:39.418183+05:30	2026-01-30 16:19:39.418183+05:30	108
29	Harleen kaur	98774 71722	9878481045			\N			\N	\N	#39, Shresth Housing Complex 1, Balaji Enclave Phase 2 ,Lohgarh, Zirakpur,Punjab	#39, Shresth Housing Complex 1, Balaji Enclave Phase 2 ,Lohgarh, Zirakpur,Punjab	2025-01-04			0	0			single	sweety43968@gmail.com	female	2002-08-23	\N	2026-01-30 16:19:39.418183+05:30	2026-01-30 16:19:39.418183+05:30	96
\.


--
-- Data for Name: employee_requests; Type: TABLE DATA; Schema: public; Owner: postgres
--

COPY public.employee_requests (id, request_type, start_date, end_date, reason, status, admin_response, reviewed_at, created_at, updated_at, employee_id, reviewed_by_id, half_day_period) FROM stdin;
1	wfh	2025-12-11	2025-12-11	some glitch	pending	\N	\N	2026-01-30 16:19:39.433105+05:30	2026-01-30 16:19:39.433105+05:30	7	\N	\N
3	wfh	2025-12-23	2025-12-23	I’m at my hometown.	pending	\N	\N	2026-01-30 16:19:39.43551+05:30	2026-01-30 16:19:39.43551+05:30	2	\N	\N
4	wfh	2026-01-12	2026-01-12		pending	\N	\N	2026-01-30 16:19:39.436629+05:30	2026-01-30 16:19:39.436629+05:30	4	\N	\N
5	wfh	2026-01-14	2026-01-14	after the approval of mohneesh sir, im working from home 	pending	\N	\N	2026-01-30 16:19:39.436629+05:30	2026-01-30 16:19:39.436629+05:30	133	\N	\N
6	wfh	2026-01-15	2026-01-15		pending	\N	\N	2026-01-30 16:19:39.437649+05:30	2026-01-30 16:19:39.437649+05:30	128	\N	\N
7	wfh	2026-01-15	2026-01-15		pending	\N	\N	2026-01-30 16:19:39.439156+05:30	2026-01-30 16:19:39.439156+05:30	90	\N	\N
8	wfh	2026-01-15	2026-01-15	please give me access to sign in during WFH	pending	\N	\N	2026-01-30 16:19:39.439156+05:30	2026-01-30 16:19:39.439156+05:30	85	\N	\N
9	wfh	2026-01-16	2026-01-16	Good morning sir/ma'am. \\nSir, due to heavy fog, traveling will be difficult for me, so I will work from home.	pending	\N	\N	2026-01-30 16:19:39.440569+05:30	2026-01-30 16:19:39.440569+05:30	129	\N	\N
\.


--
-- Data for Name: employees; Type: TABLE DATA; Schema: public; Owner: postgres
--

COPY public.employees (id, username, password, name, email, phone, department, primary_office, role, is_active, created_at, updated_at, manager_id) FROM stdin;
26	Princeraj	bcrypt$$2y$10$Q/QomN1Ylz7xPvkpRagVR.xTtmJKCFqaBlRFk0CSStPYMFYlZn7VO	Prince Kumar Chakram 	prince.hanuai@gmail.com	6201550850	Others	105	employee	t	2026-01-30 16:19:39.338243+05:30	2026-01-30 16:24:10.691395+05:30	\N
3	sukh	bcrypt$$2y$10$Z6QlS9d319BggwIJlVTkE.O/ADd5s/Vr2YHLIi1.WEZhpFZBgaLeC	sukhwinder	sukh.hanu@gmail.com	9592325035	IT	105	employee	t	2026-01-30 16:19:39.339236+05:30	2026-01-30 16:24:10.692451+05:30	\N
1	admin	bcrypt$$2y$10$92IXUNpkjO0rOQ5byMi.Ye4oKoEa3Ro9llC/.og/at2.uheWG/igi	HR	admin@company.com	9999999999	IT	105	admin	t	2026-01-30 16:19:39.339236+05:30	2026-01-30 16:24:10.693467+05:30	\N
4	AdiTya	bcrypt$$2y$10$3YNS7Q8w5EqMXLaEpuEIS.rD6ErgqVtWeKhJPGkAhvftiy8d2hpSC	Aditya Arora	arora150266@gmail.com	9876967244	IT	105	employee	t	2026-01-30 16:19:39.340602+05:30	2026-01-30 16:24:10.694456+05:30	\N
8	keshav28_13	bcrypt$$2y$10$Pyn1GB577oqsOt3N7EEzLuQeO/vagP0.r9HlwN91eWtlRxIPuPv6q	Keshav Hari Nanda	keshav.kh67@gmail.com	9464548477	IT	105	employee	t	2026-01-30 16:19:39.341605+05:30	2026-01-30 16:24:10.695464+05:30	\N
9	prabin	bcrypt$$2y$10$fvJc98rGIrj0ntUCoTNuteMVFMWR7wLR/IzHTw9DvGf3OL5vuXtDS	Prabin Kumar Mohanta	prabin@hanu.ai	7327824389	IT	105	employee	t	2026-01-30 16:19:39.342113+05:30	2026-01-30 16:24:10.697037+05:30	\N
10	rajnish281	bcrypt$$2y$10$mv8mF2PfNRmQ/yGoOBk5/eQzzKIfqmvf3E7Ni9Dk8GrJtvQBoMeba	Rajnish Thakur	rajnish.hanuai@gmail.com	7009953149	Surveyors	105	employee	t	2026-01-30 16:19:39.343124+05:30	2026-01-30 16:24:10.699504+05:30	\N
29	Nirajan 	bcrypt$$2y$10$sMqAKpoJ/DFwXfTHjG2zl.Qb2hFAeQhRxqK4u8RLhhvSNwnWZM6Cy	Nirajan kumar yadav	nirajanyadav791@gmail.com	9877938433	Surveyors	105	employee	t	2026-01-30 16:19:39.343124+05:30	2026-01-30 16:24:10.70051+05:30	\N
35	Jaikaran	bcrypt$$2y$10$ivwIOwUS4peAhNXeCP9g1ujAxf9Fdha3A/gXINsyN9YNgzeP.uYMu	Jaikaran	jaikaran@hanu.ai	7986388207	IT	105	employee	t	2026-01-30 16:19:39.344121+05:30	2026-01-30 16:24:10.701526+05:30	\N
12	amar@bar	bcrypt$$2y$10$5prRzczmxYqtFx5VtNHqsOs7Qu..RHuXR07Pk.BHRuJrq8avyjpJm	Amar Bar	amarb2019@gmail.com	8339816689	IT	105	employee	t	2026-01-30 16:19:39.345133+05:30	2026-01-30 16:24:10.703224+05:30	\N
13	Anil Goswami 	bcrypt$$2y$10$JAUUf7bZFdMW03wucFVjkecP71siDynSvgHzGuWca1KbaKZBMCIdS	Anil Goswami	anil.hanuai@gmail.com	8770295541	IT	105	employee	t	2026-01-30 16:19:39.346131+05:30	2026-01-30 16:24:10.705255+05:30	\N
7	Avnish Ranjan	bcrypt$$2y$10$0EixhIqTiXAQXcquzH1N/uAEVsazu6VXAxj9FhWY.cvvZbNpJ5Blu	AVNISH RANJAN	Avnish@hanu.ai	9660346509	IT	105	employee	t	2026-01-30 16:19:39.346131+05:30	2026-01-30 16:24:10.705255+05:30	\N
24	Bharti	bcrypt$$2y$10$XigDqh/mO4XUPWPO23ErLeOQ0FDBzLxgNMZsson.SWw7Y8H/OaI76	Bharti Kumari			IT	105	employee	t	2026-01-30 16:19:39.347247+05:30	2026-01-30 16:24:10.7078+05:30	\N
76	vikesh9525	bcrypt$$2y$10$Kir73.UcYgTxvOUCDMagUu8miPPdqKgMRD9b7PBHwm74soTE4j5SS	vikesh mishra	vikesh.hanuai@gmail.com	9525386495	IT	105	employee	t	2026-01-30 16:19:39.347247+05:30	2026-01-30 16:24:10.708926+05:30	\N
16	MANI632	bcrypt$$2y$10$2zHUl7Y/EjIHwlY88n7Zi.w4W3TlaLXb0fxc/iGH0ljU254dqvIiu	MANI KUMAR	mani.hanuai@gmail.com	6284693406	Surveyors	105	employee	t	2026-01-30 16:19:39.347247+05:30	2026-01-30 16:24:10.711115+05:30	\N
17	Anubhav	bcrypt$$2y$10$h.GkuyHfhrwC/TVDY8KA9Odn23VmRBCGvmxBsTzp508dDXCPIS7SS	Anubhav kumar 	bhagatanubhavkumar5@gmail.com	9876297095	Surveyors	105	employee	t	2026-01-30 16:19:39.348572+05:30	2026-01-30 16:24:10.712107+05:30	\N
20	Bhanu	bcrypt$$2y$10$.PMz/U.SQopg9LuMIJ8t7eBnqLwW1T8J2CjKb2BLVnm6upZxFaDKS	Bhanu pratap 	bhanu.hanuai@gmail.com	7876173660	IT	105	employee	t	2026-01-30 16:19:39.348572+05:30	2026-01-30 16:24:10.714769+05:30	\N
28	Ramesh yadav	bcrypt$$2y$10$JDviWesKhHQG1RM.jvuKyOkA/TmZcaU/ppsXkDH6U/V7ahO9zJG1W	Ramesh Kumar yadav	rameshyadav57812@gmail.com	7973689236	Surveyors	105	employee	t	2026-01-30 16:19:39.350108+05:30	2026-01-30 16:24:10.715773+05:30	\N
22	Anuj_kumar	bcrypt$$2y$10$8QuqB03ij/L84b28vboG.ujgEkuOhzVKwKc2ZerWXH6S7Eh6ItXgO	Anuj Kumar	anuj.hanuai@gmail.com	6206945227	IT	105	employee	t	2026-01-30 16:19:39.350108+05:30	2026-01-30 16:24:10.716769+05:30	\N
23	kaushik07	bcrypt$$2y$10$GHQSyC7HYQbt/DCOJXEj9.XjuSI6tVEOceZ7Jj8EpigMK2JLi9dFC	Kaushik Kumar Giri	kaushik@hanu.ai	9090395706	IT	105	employee	t	2026-01-30 16:19:39.35167+05:30	2026-01-30 16:24:10.71777+05:30	\N
30	akshit	bcrypt$$2y$10$iczNGUoJ.bhlOUcfIcPizedo18pq1KtzXyzxIzotyny/YdXTz9PMO	AKSHIT	akshitarora672003@gmail.com	7497884964	IT	105	employee	t	2026-01-30 16:19:39.35167+05:30	2026-01-30 16:24:10.718771+05:30	\N
5	Nishant kagra	bcrypt$$2y$10$AYCzq7qmtRk6X749l/VZ2uP7TXhDWyvJG0pAHqlVaY/jDhwwLzvKW	Nishant	nishantkagra420@gmail.com	8351907905	IT	105	employee	t	2026-01-30 16:19:39.352677+05:30	2026-01-30 16:24:10.720283+05:30	\N
70	mukeshhanuai@gmail.com	bcrypt$$2y$10$8KKv92m7m7S6boS5OZwd1u/ANiWFxF2LzvO4JApJts2tILIeiFY0i	Mukesh Kumar	yadavmukesh5710@gmail.com	9905548807	IT	105	employee	t	2026-01-30 16:19:39.35378+05:30	2026-01-30 16:24:10.721308+05:30	\N
74	Nikhil 	bcrypt$$2y$10$JPcmOXar7ifIjGdOmJ7HuO82bJtPgKaa0tYOQEuu9vBMnJOl1A.m6	Nikhil 	nikhilbhardwaj0013@gmail.com	8307459326	IT	105	employee	t	2026-01-30 16:19:39.35378+05:30	2026-01-30 16:24:10.722336+05:30	\N
75	Anshika Rajput 	bcrypt$$2y$10$oK/lUWcCRXo0/1o6VUwydeLhAOhpZK8H6OlI.RzHrYMQc8Xwl2uIi	Anshika Rajput	anshikarajput682003@gmail.com	8082952710	Growth	105	employee	t	2026-01-30 16:19:39.35478+05:30	2026-01-30 16:24:10.723338+05:30	\N
21	Harsimran	bcrypt$$2y$10$fWotYIY/cGV7c/IxxDQ.DOQ/XHmkYWe7Nyxlyyfv7UmCE.DhMmpPi	Harsimran Kaur	harsimrank00005@gmail.com	7973793683	IT	105	employee	t	2026-01-30 16:19:39.35478+05:30	2026-01-30 16:24:10.725524+05:30	\N
6	nitin.hanuai	bcrypt$$2y$10$aOmvyMEW4HyfkMArUg724OgzS0LE9iLC6QLufVNob.jRhxxAb8cd2	Nitin	nitin.hanuai@gmail.com	9646075996	IT	105	employee	t	2026-01-30 16:19:39.356296+05:30	2026-01-30 16:24:10.726551+05:30	\N
11	Ankit@hanu.ai1	bcrypt$$2y$10$Mocac8nBw4ezLJmGKzdcOOffkuJCDwB9wAUYARNS3aYvbg.WD85za	Ankit Verma	Ankit@hanu.ai	8168143325	IT	105	employee	t	2026-01-30 16:19:39.356296+05:30	2026-01-30 16:24:10.728707+05:30	\N
71	Kajal	bcrypt$$2y$10$2alvzYan.2huHPMJ2ul98uO83OpEt8YcFHkVxLNzfoTJ8k63pMYRe	Kajal	Sabharwal2041999@gmail.com	8968198947	HR	105	employee	t	2026-01-30 16:19:39.357878+05:30	2026-01-30 16:24:10.729758+05:30	\N
77	Tarun	bcrypt$$2y$10$buTcyZ47HRkMT9RELzDgieQ1Pl.eiR/bW10Egq3WT.P4ZvBebTuGe	Tarun Behal	tkb123345@gmail.com	8528044415	IT	105	employee	t	2026-01-30 16:19:39.358894+05:30	2026-01-30 16:24:10.730768+05:30	\N
78	harveen kaur	bcrypt$$2y$10$0QbUxLYvs3MfGbkAwghSKOD6cmCwcqI3QQtfKupumblC8MyiFq0D6	Harveen kaur	harveen.hanuai@gmail.com	9779512804	Others	105	employee	t	2026-01-30 16:19:39.360087+05:30	2026-01-30 16:24:10.732813+05:30	\N
79	Sanjeebydv	bcrypt$$2y$10$fu7gH/QSBOMkS0uNcJ48HunPPScqF2s3aI1uG9d9iHq2toVdES6W.	Sanjeeb kumar yadav 	mangardaitasanjeeb45@gmail.com	6284744953	Surveyors	105	employee	t	2026-01-30 16:19:39.360087+05:30	2026-01-30 16:24:10.733451+05:30	\N
34	Dheeraj sharma	bcrypt$$2y$10$XAJ68lAL9Psnc.utfeIwp.XDSDMxGbpLBZ9nJK1IhEZXc6pVhIj6u	Dheeraj Sharma	dheerajhhanuai@gmail.com	7876065410	IT	105	employee	t	2026-01-30 16:19:39.361089+05:30	2026-01-30 16:24:10.734478+05:30	\N
73	Imrkraghu	bcrypt$$2y$10$K2zGpdgQq8/6McEWF03YX.aDIjga7K1M687BRWuNLtGD4jN7iEuUu	Rohit kumar	rohit.hanuai@gmail.com	8427626787	IT	105	employee	t	2026-01-30 16:19:39.361089+05:30	2026-01-30 16:24:10.736484+05:30	\N
31	Divya	bcrypt$$2y$10$yizJmu7C1nYpgL5NU.Fsd.e5Ik7QU8/2XWXHu52p16m1nTHWe2JQ2	Divya	divyanamdev90@gmail.com	7983445742	IT	105	employee	t	2026-01-30 16:19:39.362414+05:30	2026-01-30 16:24:10.738022+05:30	\N
33	aditya	bcrypt$$2y$10$vf/8iHVCW15.AXFflPiwcOCNfrGOha3dn1XqDHiAalyoxtnN3QKXW	Aditya	adityaad79@gmail.com	7814784307	IT	105	employee	t	2026-01-30 16:19:39.362414+05:30	2026-01-30 16:24:10.740577+05:30	\N
80	aniket.hanuai	bcrypt$$2y$10$3Tcf/om3P.P5.uO4y22BGOnCh4eWQSLN4s7lBv/W.cXpIgO4byS9C	Aniket Kalta	kaltaaniket@gmail.com	7876213404	IT	105	employee	t	2026-01-30 16:19:39.363929+05:30	2026-01-30 16:24:10.741572+05:30	\N
14	Yuvraj	bcrypt$$2y$10$PA6oMjclUqicpH0XIExQ8O4WJsjREyOGdPwyFQrr5VuIVYenysVpq	Yuvraj Singh	yuvrajjabbal@gmail.com	8872399570	IT	105	employee	t	2026-01-30 16:19:39.366604+05:30	2026-01-30 16:24:10.747442+05:30	\N
83	kaushal@4988	bcrypt$$2y$10$.SX.xw8KRJ4hxTdTPM9.beAuDm6YfONeJM7NSviSYO18TePkKWANG	Kaushal Saini	kaushalsaini121995@gmail.com	9996454773	IT	105	employee	t	2026-01-30 16:19:39.367639+05:30	2026-01-30 16:24:10.74845+05:30	\N
84	Anish Rana	bcrypt$$2y$10$dsCBNkvToZQlIeiPifuJZud.H5E0Oc8ggOF56vzk5qorcEUb2Xa4i	Anish Rana 	anishrana7717@gmail.com	7717331091	IT	105	employee	t	2026-01-30 16:19:39.368635+05:30	2026-01-30 16:24:10.750444+05:30	\N
85	Mithuraj	bcrypt$$2y$10$IfT9xV682nvGr3LNxozbuuSo6K5jKmfordVFpC589iFuDUueiq.yW	Prince Kumar Chakram 	princechakram619@gmail.com	6201550850	Others	105	employee	t	2026-01-30 16:19:39.369638+05:30	2026-01-30 16:24:10.752675+05:30	\N
87	Suraj	bcrypt$$2y$10$BGTSnBinCdsFKNgsGgAf5ukHJmFfXhc3V41uoS53awnQuHbA2mr3K	Suraj Pandey	surajpandey8888z@gmail.com	8872241528	IT	105	employee	t	2026-01-30 16:19:39.37072+05:30	2026-01-30 16:24:10.753788+05:30	\N
88	Pallavi	bcrypt$$2y$10$Xdx7c1ln9fTTZoPbSJViSuCQJ66.DwhEt4/beh4P1U/ewWwEO82he	Pallavi	pallavi.21ys@gmail.com	7814008666	IT	105	employee	t	2026-01-30 16:19:39.372241+05:30	2026-01-30 16:24:10.75478+05:30	\N
90	mandharsh38	bcrypt$$2y$10$lIrR/TUivLG0VC8qXP2x8eM1TfRyTR1yzw9HY2dLXhgryaXDCpPZq	Harshdeep Singh Mand	mandharsh38@icloud.com	9877236899	IT	105	employee	t	2026-01-30 16:19:39.374851+05:30	2026-01-30 16:24:10.759166+05:30	\N
92	SAUMYA SINGH 	bcrypt$$2y$10$2NbhesRZQA7XmMqtbQx9M.4sMBeU72WMR0T/r3L.30cpTzSulrkW2	Saumya Singh	chandelsaumyasingh@gmail.com	8756788999	Growth	105	employee	t	2026-01-30 16:19:39.375458+05:30	2026-01-30 16:24:10.761176+05:30	\N
93	dipeshydv	bcrypt$$2y$10$5PfqVxDFo6I4wfl3nzNd7OG7vPFBb0ia2U8Lz0xu8BfatlTcLMugK	Dipesh yadav	dipesh35615@gmail.com	7717549567	Surveyors	105	employee	t	2026-01-30 16:19:39.376743+05:30	2026-01-30 16:24:10.76218+05:30	\N
94	ritesh_sharma	bcrypt$$2y$10$tUwAvJa.Bu8vppQm.lcZYelLz.Qfz38kK9uTpJGd3XsC5Qlu6bdYi	Ritesh Sharma 	Riteshkumar22058@gmail.com	9155898054	IT	105	employee	t	2026-01-30 16:19:39.377741+05:30	2026-01-30 16:24:10.764697+05:30	\N
97	Aditya yadav 	bcrypt$$2y$10$/vHrN40u6dkIIV5dJA2NXOfKSPVdS8IeT17zT/5nq975quH6hQ.za	Aditya yadav 	aditya.hanuai01@gmail.com	9129598200	Accounts	79	employee	t	2026-01-30 16:19:39.37875+05:30	2026-01-30 16:24:10.765706+05:30	\N
98	SanatGoel	bcrypt$$2y$10$tusyRWMGa82d7VwcbirELuDpQfdXBiso59YnxkghfNc9bfjcOFWou	Sanat Goel	sanat@hanu.ai	8146202026	Growth	79	employee	t	2026-01-30 16:19:39.379962+05:30	2026-01-30 16:24:10.76771+05:30	\N
100	Gurmit Singh Baidwan	bcrypt$$2y$10$piE0yl7coMKpiACvolDMCOgAnFdzrYh2Qv6V1sub028.z6Dc9z1y6	Gurmit Singh Baidwan	gurmitsinghhanuai@gmail.com	7889135194	Surveyors	105	employee	t	2026-01-30 16:19:39.379962+05:30	2026-01-30 16:24:10.769714+05:30	\N
113	Abhi	bcrypt$$2y$10$tqDeA1bC2MLuf6MyS5YY1.ZqkWDe7spoeKVVXGJsnLY17X7FOxxVy	ABHISHEK BHARDWAJ	abhisharma.hanuai@gmail.com	7590954983	IT	105	employee	t	2026-01-30 16:19:39.381478+05:30	2026-01-30 16:24:10.771323+05:30	\N
114	Qwerty	bcrypt$$2y$10$PR/FVRiQ0oiOQOjxZowhru7eAxXjX.ybyCvlAJmeTa4JUf3cJHaae	Mohneesh R	Mohneesh@hanu.ai	8558841158	IT	105	employee	t	2026-01-30 16:19:39.381478+05:30	2026-01-30 16:24:10.773342+05:30	\N
101	Indu	bcrypt$$2y$10$LAgAe5brxtNNSFJUiR0ve.pB9MHLOoF/FP0ruva/S3/g36PL9XmdO	Indu	snehamaurya2522009@gmail.com	8084060242	Others	105	employee	t	2026-01-30 16:19:39.383065+05:30	2026-01-30 16:24:10.77485+05:30	\N
82	Vandana	bcrypt$$2y$10$NL6ZedwU.2bjLraXAcbD2ePvPHXWiGnchdqVZ3bcbH6I7o.Hhhyda	Vandana	vandanahanu125@gmail.com	7988513867	IT	105	employee	t	2026-01-30 16:19:39.384077+05:30	2026-01-30 16:24:10.777012+05:30	\N
103	Mritunjay 	bcrypt$$2y$10$zjiKlEf8lPds7OiQd/iCmOp9kzskM/20VBZdAnmp0gun6e.SKd.x6	Mritunjay 	gopemritunjay55@gmail.com	7488155067	IT	105	employee	t	2026-01-30 16:19:39.385255+05:30	2026-01-30 16:24:10.779006+05:30	\N
104	Anurag 	bcrypt$$2y$10$JT0OHOsDNoK0qLUbmtIkPuATfJwOVLZux4pi3ODRgwHYu4R53M/jG	Anurag kumar	anurag2004bgs@gmail.com	9162093933	IT	105	employee	t	2026-01-30 16:19:39.386784+05:30	2026-01-30 16:24:10.780052+05:30	\N
105	Rahulsingh	bcrypt$$2y$10$fXLpfMIidHw6.63N3FLiZeFsSAc99jcH05R4XEFjCwhb7MYiAV966	Rahul Kumar 	saab49649@gmail.com	7814290743	Surveyors	105	employee	t	2026-01-30 16:19:39.386784+05:30	2026-01-30 16:24:10.781567+05:30	\N
109	shailen11	bcrypt$$2y$10$7OpStTfHmRnOLcrRZYi.S.vQJO94wpaKBSjK8wlKnVjtHef/QeCuS	Shailendra Yadav	shailendrayadav5265@gmail.com	9125768708	Surveyors	105	employee	t	2026-01-30 16:19:39.387797+05:30	2026-01-30 16:24:10.783203+05:30	\N
95	Ankur 	bcrypt$$2y$10$mUBl288c7R1/GoMgE4X3/uk.vynvYhnkUyQ7B008BT40pKfxbeQeG	Ankur	palsaab1966@gmail.com	6239294825	IT	105	employee	t	2026-01-30 16:19:39.387797+05:30	2026-01-30 16:24:10.784211+05:30	\N
111	ritikKash	bcrypt$$2y$10$IWKFGboj8KlorcyIUwENvepY5mpKp8yW6vAVNTiprMpoSzQRta5qG	Ritik	ritikkash41@gmail.com	6239416369	IT	105	employee	t	2026-01-30 16:19:39.387797+05:30	2026-01-30 16:24:10.785217+05:30	\N
117	Gajinder 	bcrypt$$2y$10$h/ZohhUa5JvkYMuuagRy7eTUsJdnp.SwHVyb4PGCepuLHKJLXI4Su	Gajinder Sharma 	gajinder.gs.gs@gmail.com	9056664138	Surveyors	105	employee	t	2026-01-30 16:19:39.389926+05:30	2026-01-30 16:24:10.78934+05:30	\N
107	Sunny099	bcrypt$$2y$10$HoCz1lDcioG0E8mEMNSUTOtO/So034TWWggMUGIWVjpqdcPtOPLcS	SUNNY KUMAR	sunnykumar7544886994@gmail.com	9279008436	Surveyors	105	employee	t	2026-01-30 16:19:39.391452+05:30	2026-01-30 16:24:10.791027+05:30	\N
116	Tarundeep	bcrypt$$2y$10$jAJT.2eruBSniytSzHPxq.WRVvvBBDFiobvn1m0CSJ4TduIbySI1W	Tarundeep Singh	tarundeep416@gmail.com	8053518483	Surveyors	105	employee	t	2026-01-30 16:19:39.391452+05:30	2026-01-30 16:24:10.791545+05:30	\N
110	AvinashSingh7667	bcrypt$$2y$10$X9n4thN73FFyejorOhyy9.L/Et.cOaltdbL1JaNhHFuvnw9XpzvFK	Avinash Kumar Singh	avinash766784@gmail.com	7667872845	Surveyors	105	employee	t	2026-01-30 16:19:39.392461+05:30	2026-01-30 16:24:10.79366+05:30	\N
2	Keshav.S	bcrypt$$2y$10$fenn0laHhlGLG69Na6LhPu/X56aRjIMM4pJ.W0j7Xwik7ZL7D9ZeS	Keshav	kmsuthar2903@gmail.com	9588352678	IT	105	employee	t	2026-01-30 16:19:39.393461+05:30	2026-01-30 16:24:10.794653+05:30	\N
121	Hanuaiankit1950	bcrypt$$2y$10$LxtVPoYElsasShIXc2e4GuZwXozzVKoh6953kwCWbQURY3NI78OIu	Ankit kumar	hanuaiankit1950@gmail.com	9661293226	Surveyors	105	employee	t	2026-01-30 16:19:39.393461+05:30	2026-01-30 16:24:10.796656+05:30	\N
96	Sweety	bcrypt$$2y$10$JMuvNSMLKOYxX2609/yU.OKGxxePIiiBLp33eYVEyAvr8kfy7PUSW	Sweety	sweetyhanuai@gmail.com	9877143968	IT	105	employee	t	2026-01-30 16:19:39.394461+05:30	2026-01-30 16:24:10.797651+05:30	\N
108	afnanmir08	bcrypt$$2y$10$Tx71lFhkBpuLTTOc/X8/eewMVq/.b2Nv7y2oUQFfgcFAIyeYN6cqK	Afnan Mir	afnanmir9060@gmail.com	6206271022	Surveyors	105	employee	t	2026-01-30 16:19:39.394461+05:30	2026-01-30 16:24:10.798654+05:30	\N
122	Nagendra	bcrypt$$2y$10$9vvp3n3kCgXvyBgbFZaO4uWGL.WFoWem86mHKJaD/yJwbttwTjwIe	Nagendra Madanapalle	nagendra@hanu.ai	6300036819	IT	105	employee	t	2026-01-30 16:19:39.394461+05:30	2026-01-30 16:24:10.80016+05:30	\N
123	Aanchal	bcrypt$$2y$10$USORwOW0CQmVl7Jgs76S.OiPfZYCtE85C42ah9wQEY6rq0SB/Zy8O	Aanchal	aanchalraj2323@gmail.com	9872777960	IT	105	employee	t	2026-01-30 16:19:39.395461+05:30	2026-01-30 16:24:10.801174+05:30	\N
124	Chilla123	bcrypt$$2y$10$DheiWfqgL.0NNTWerdaGVOdL6AWtjMcvedfmykvM6zdW.5/.JUiX2	Chilla Suresh	chillasureshreddy94@gmail.com	7974715033	Others	105	employee	t	2026-01-30 16:19:39.395461+05:30	2026-01-30 16:24:10.803791+05:30	\N
125	P15kumar	bcrypt$$2y$10$hgTLIFIR7ZnUpDmhYCbmpOTUKUkYfz5zPubfUlIbLHAuskvpoiJt2	Prasanta Kumar Sethi	sethip52@gmail.com	7978692005	IT	105	employee	t	2026-01-30 16:19:39.395461+05:30	2026-01-30 16:24:10.804792+05:30	\N
126	Sushant	bcrypt$$2y$10$GE7JzraYJdRdGnOYu1QI5usT7m52ZZkFcRcGplfr2qBBd.sEEi3zC	Sushant	sushantdwivedi997@gmail.com	9301802256	IT	105	employee	t	2026-01-30 16:19:39.395461+05:30	2026-01-30 16:24:10.806649+05:30	\N
127	PUNIT	bcrypt$$2y$10$LUjrIa2qOMUJDNPRskzqteQsdlcohF8al7vpPa/sxQ7rjWjQCItIK	PUNIT KUMAR	8628826534pk@gmail.com	8278887102	IT	105	employee	t	2026-01-30 16:19:39.396461+05:30	2026-01-30 16:24:10.808946+05:30	\N
25	Prerna	bcrypt$$2y$10$H4.qKETDmfmpdgsWYw3Hb.6S3.snR5ORclf/4nVMXA5nyLqx5IYM6	Prerna kalra	prerna@roadathena.com	9988997555	Others	105	employee	t	2026-01-30 16:19:39.335622+05:30	2026-01-30 16:24:10.687022+05:30	\N
18	Krishan	bcrypt$$2y$10$avilYEfxMoKXe3CHY8YmNOZ9iyOpATTZh/hV/KWjXqA14VQ3kSCti	Krishnan raut	krishna.hanuai@gmail.com	7986821154	Surveyors	105	employee	t	2026-01-30 16:19:39.348572+05:30	2026-01-30 16:24:10.713741+05:30	\N
37	Mehakpreet 	bcrypt$$2y$10$kkxtXZHNslKKZADUc6tKxeqnOfFAsT.G7DvlZ3T/if.3/wycepfj.	Mehakpreet kaur	mehak.saini1011@gmail.com	7719747276	IT	105	employee	t	2026-01-30 16:19:39.362414+05:30	2026-01-30 16:24:10.738022+05:30	\N
27	Rasmi	bcrypt$$2y$10$vijT5Ci7vbYNXv8p4T.22.2Lw89ETVyNve8VNQlddaWDTbMRVRg/K	Rasmita Behera	brasmita998@gmail.com	8917690796	IT	105	employee	t	2026-01-30 16:19:39.365352+05:30	2026-01-30 16:24:10.745436+05:30	\N
89	Parul	bcrypt$$2y$10$PWtaUlVUfMP0iVi8ADbK/O91KSfopCIJFI21gvIs.5207YU0A8u9e	Parul Singh	parul1812002@gmail.com	6269567022	Accounts	79	employee	t	2026-01-30 16:19:39.373837+05:30	2026-01-30 16:24:10.75733+05:30	\N
118	Abhishekyadav	bcrypt$$2y$10$7BkTzGsgHNyGGt9hb/pwzO1d5wfpNQ/6b4/y./cReyJcZnBsk5d3e	Abhishek Yadav 	www.chikhu123@gmail.com	8726814063	Surveyors	105	employee	t	2026-01-30 16:19:39.389926+05:30	2026-01-30 16:24:10.786725+05:30	\N
128	Nikhil sharma	bcrypt$$2y$10$A7XnRieBWKhV5ysBtzEw.OJwQHT3gsVn4pPtuY13IINUF29XOIkUi	Nikhil Kumar	nnikhill2004@gmail.com	7992271483	IT	105	employee	t	2026-01-30 16:19:39.396461+05:30	2026-01-30 16:24:10.81115+05:30	\N
129	bantykumar_012	bcrypt$$2y$10$.8lAyLmqAf/VHeF5Y5e2X.kEh52wBVmwIyJKVFopHGJxpV7nDbn7y	Banty Modi kumar	rajharshahzb05@gmail.com	9546256884	IT	105	employee	t	2026-01-30 16:19:39.397461+05:30	2026-01-30 16:24:10.81225+05:30	\N
102	Prayagnr	bcrypt$$2y$10$ogQ2h7vBhMZC0vpk/cvQzewI3V0qBPVjh/GrO/YwdbbRBYEIGmRTu	Prayag Nair	prayaghanuai@gmail.com	7973349367	Others	79	employee	t	2026-01-30 16:19:39.397461+05:30	2026-01-30 16:24:10.814775+05:30	\N
130	Ritesh Sharma	bcrypt$$2y$10$Ja3/nwfqUlqVuf1LrCqgUu7wgApsvGo44NhABXv4K4x9MjyIDxuiS	Ritesh Sharma	riteshkumar22058@gmail.com	9155898054	IT	105	employee	t	2026-01-30 16:19:39.397461+05:30	2026-01-30 16:24:10.815778+05:30	\N
132	Tarun behal	bcrypt$$2y$10$rn3qrGEp0O8WEcIkbOJ7O.b76aLdfGaqMrVLA7amWFYNyxlw/XB/q	Tarun behal	tkb24969@gmail.com	8528044415	IT	105	employee	t	2026-01-30 16:19:39.397461+05:30	2026-01-30 16:24:10.817244+05:30	\N
134	Dibya Prakash Das	bcrypt$$2y$10$zgG/DcEyevnhaeWub6f8U.pOmpG0m8VzIDFlTjlAWWEDzKw7rESy6	Dibya Prakash Das	dibyaprakashdas93@gmail.com	8249587582	IT	105	employee	t	2026-01-30 16:19:39.398461+05:30	2026-01-30 16:24:10.818278+05:30	\N
135	Arnab Chakraborty 	bcrypt$$2y$10$cHQHU9FO3Ov6JhBvd0bEpOGtSpmh5lOUuwOYeCb6qeijgn4v21lwO	Arnab Chakraborty 	arnabchakraborty901@gmail.com	9658309169	Growth	105	employee	t	2026-01-30 16:19:39.398461+05:30	2026-01-30 16:24:10.819794+05:30	\N
133	Bhubandeep Singh 	bcrypt$$2y$10$8Q/Q7OYZfAgR.tQkDJvJeeW6ATvKDnjkoQPXfqwgGE3Mc44nWR5Nm	Bhubandeep Singh	bhuvnndeepsingh@gmail.com	9015362082	IT	105	employee	t	2026-01-30 16:19:39.399468+05:30	2026-01-30 16:24:10.822079+05:30	\N
131	Simran	bcrypt$$2y$10$IuEo4k4t/GP7MgnmdI0Dou5WZsHfKj5QvnCM71HRVdTAzv9Gzb6Sm	Simran	simran0079.hanuai@gmail.com	7082471643	Growth	105	employee	t	2026-01-30 16:19:39.400474+05:30	2026-01-30 16:24:10.823088+05:30	\N
36	Isha@21	bcrypt$$2y$10$E67hnYE0WzGI0GAe4nTMG.gvsClOW8d39VVFU9kNT6YgVFCYkVwU6	Isha	ishahanuai@gmail.com	7876631123	IT	105	employee	t	2026-01-30 16:19:39.400474+05:30	2026-01-30 16:24:10.825327+05:30	\N
136	Annu@hanu.ai	bcrypt$$2y$10$78YA4MuUqVhDi4ntfeq5aOQRj3P1.AWd1QDw5dgFSJkichGRl7mc6	Annu Kumari	annuk9836@gmail.com	9142902107	IT	105	employee	t	2026-01-30 16:19:39.401563+05:30	2026-01-30 16:24:10.826342+05:30	\N
137	Bhupeshydv	bcrypt$$2y$10$JvSSinRYTePVx5FfWCCUGOUV4j71PauARzsMdYnGMClkGM0.M3/DG	Bhupesh Kumar yadav	yadavastosh14@gmail.com	6284687386	Surveyors	105	employee	t	2026-01-30 16:19:39.402572+05:30	2026-01-30 16:24:10.827343+05:30	\N
106	Shivam choudhary 	bcrypt$$2y$10$G4VgFxCXcjsb1X3sv6YN6O2uj4vbqLuQuX3tnpCXck/4nNuBYatR6	Shivam choudhary	shibuchoudhary83@gmail.com	8360375531	Surveyors	105	employee	t	2026-01-30 16:19:39.403642+05:30	2026-01-30 16:24:10.82885+05:30	\N
138	Aradhana 	bcrypt$$2y$10$86MxvanE4I0IcvkvOh89UeZZf/3QVW6OCCYNo01UL.yh7zzPqvOOe	Aradhana Shah	aradhana.sah.9988@gmail.com	9693363417	IT	105	employee	t	2026-01-30 16:19:39.403642+05:30	2026-01-30 16:24:10.829951+05:30	\N
139	aks87	bcrypt$$2y$10$IslRQOayPbysEtyK99FnkuLRXEROShnrauhhfHifr9oK0FOyRlbxK	ANUJ KUMAR 	aksrivastava87@gmail.com	9560755973	Accounts	79	employee	t	2026-01-30 16:19:39.404641+05:30	2026-01-30 16:24:10.831459+05:30	\N
140	Prayaghanuai	bcrypt$$2y$10$t5fVp5Nggyee48RFKRktheD.YLgDiZj.4QFaQb9PuXkVA1Ut/20iq	Prayag Nair	prayagnr@gmail.com	7973349367	Others	79	employee	t	2026-01-30 16:19:39.405224+05:30	2026-01-30 16:24:10.833102+05:30	\N
141	Tru1	bcrypt$$2y$10$82KufIhMOQGmH2gWfivrR.dMtO50CK9Hh9UupyxwmB0UI7xctoMF6	Tribhuwan Yadav 	tribhuwanyadav2021@gmail.com	7209612653	Surveyors	105	employee	t	2026-01-30 16:19:39.405224+05:30	2026-01-30 16:24:10.834113+05:30	\N
\.


--
-- Data for Name: office_locations; Type: TABLE DATA; Schema: public; Owner: postgres
--

COPY public.office_locations (id, name, address, latitude, longitude, radius_meters, is_active, created_at, updated_at) FROM stdin;
79	79 Office	Sector 79, Mohali, Punjab, India	30.68083400	76.71793300	100	t	2026-01-30 16:19:39.328736+05:30	2026-01-30 16:19:39.328736+05:30
105	105 Office	Sector 105, Mohali, Punjab, India	30.65599100	76.68279500	100	t	2026-01-30 16:19:39.332656+05:30	2026-01-30 16:19:39.332656+05:30
\.


--
-- Data for Name: task_comments; Type: TABLE DATA; Schema: public; Owner: postgres
--

COPY public.task_comments (id, content, created_at, author_id, task_id) FROM stdin;
\.


--
-- Data for Name: tasks; Type: TABLE DATA; Schema: public; Owner: postgres
--

COPY public.tasks (id, title, description, status, priority, due_date, created_at, updated_at, assigned_to_id, created_by_id, manager_id) FROM stdin;
\.


--
-- Name: attendance_records_id_seq; Type: SEQUENCE SET; Schema: public; Owner: postgres
--

SELECT pg_catalog.setval('public.attendance_records_id_seq', 1, false);


--
-- Name: auth_group_id_seq; Type: SEQUENCE SET; Schema: public; Owner: postgres
--

SELECT pg_catalog.setval('public.auth_group_id_seq', 1, false);


--
-- Name: auth_group_permissions_id_seq; Type: SEQUENCE SET; Schema: public; Owner: postgres
--

SELECT pg_catalog.setval('public.auth_group_permissions_id_seq', 1, false);


--
-- Name: auth_permission_id_seq; Type: SEQUENCE SET; Schema: public; Owner: postgres
--

SELECT pg_catalog.setval('public.auth_permission_id_seq', 64, true);


--
-- Name: auth_user_groups_id_seq; Type: SEQUENCE SET; Schema: public; Owner: postgres
--

SELECT pg_catalog.setval('public.auth_user_groups_id_seq', 1, false);


--
-- Name: auth_user_id_seq; Type: SEQUENCE SET; Schema: public; Owner: postgres
--

SELECT pg_catalog.setval('public.auth_user_id_seq', 1, false);


--
-- Name: auth_user_user_permissions_id_seq; Type: SEQUENCE SET; Schema: public; Owner: postgres
--

SELECT pg_catalog.setval('public.auth_user_user_permissions_id_seq', 1, false);


--
-- Name: birthday_wishes_id_seq; Type: SEQUENCE SET; Schema: public; Owner: postgres
--

SELECT pg_catalog.setval('public.birthday_wishes_id_seq', 1, false);


--
-- Name: department_office_access_id_seq; Type: SEQUENCE SET; Schema: public; Owner: postgres
--

SELECT pg_catalog.setval('public.department_office_access_id_seq', 1, false);


--
-- Name: django_admin_log_id_seq; Type: SEQUENCE SET; Schema: public; Owner: postgres
--

SELECT pg_catalog.setval('public.django_admin_log_id_seq', 1, false);


--
-- Name: django_content_type_id_seq; Type: SEQUENCE SET; Schema: public; Owner: postgres
--

SELECT pg_catalog.setval('public.django_content_type_id_seq', 16, true);


--
-- Name: django_migrations_id_seq; Type: SEQUENCE SET; Schema: public; Owner: postgres
--

SELECT pg_catalog.setval('public.django_migrations_id_seq', 27, true);


--
-- Name: employee_documents_id_seq; Type: SEQUENCE SET; Schema: public; Owner: postgres
--

SELECT pg_catalog.setval('public.employee_documents_id_seq', 1, false);


--
-- Name: employee_profiles_id_seq; Type: SEQUENCE SET; Schema: public; Owner: postgres
--

SELECT pg_catalog.setval('public.employee_profiles_id_seq', 1, false);


--
-- Name: employee_requests_id_seq; Type: SEQUENCE SET; Schema: public; Owner: postgres
--

SELECT pg_catalog.setval('public.employee_requests_id_seq', 1, false);


--
-- Name: employees_id_seq; Type: SEQUENCE SET; Schema: public; Owner: postgres
--

SELECT pg_catalog.setval('public.employees_id_seq', 1, false);


--
-- Name: task_comments_id_seq; Type: SEQUENCE SET; Schema: public; Owner: postgres
--

SELECT pg_catalog.setval('public.task_comments_id_seq', 1, false);


--
-- Name: tasks_id_seq; Type: SEQUENCE SET; Schema: public; Owner: postgres
--

SELECT pg_catalog.setval('public.tasks_id_seq', 1, false);


--
-- Name: attendance_records attendance_records_employee_id_date_70016c73_uniq; Type: CONSTRAINT; Schema: public; Owner: postgres
--

ALTER TABLE ONLY public.attendance_records
    ADD CONSTRAINT attendance_records_employee_id_date_70016c73_uniq UNIQUE (employee_id, date);


--
-- Name: attendance_records attendance_records_pkey; Type: CONSTRAINT; Schema: public; Owner: postgres
--

ALTER TABLE ONLY public.attendance_records
    ADD CONSTRAINT attendance_records_pkey PRIMARY KEY (id);


--
-- Name: auth_group auth_group_name_key; Type: CONSTRAINT; Schema: public; Owner: postgres
--

ALTER TABLE ONLY public.auth_group
    ADD CONSTRAINT auth_group_name_key UNIQUE (name);


--
-- Name: auth_group_permissions auth_group_permissions_group_id_permission_id_0cd325b0_uniq; Type: CONSTRAINT; Schema: public; Owner: postgres
--

ALTER TABLE ONLY public.auth_group_permissions
    ADD CONSTRAINT auth_group_permissions_group_id_permission_id_0cd325b0_uniq UNIQUE (group_id, permission_id);


--
-- Name: auth_group_permissions auth_group_permissions_pkey; Type: CONSTRAINT; Schema: public; Owner: postgres
--

ALTER TABLE ONLY public.auth_group_permissions
    ADD CONSTRAINT auth_group_permissions_pkey PRIMARY KEY (id);


--
-- Name: auth_group auth_group_pkey; Type: CONSTRAINT; Schema: public; Owner: postgres
--

ALTER TABLE ONLY public.auth_group
    ADD CONSTRAINT auth_group_pkey PRIMARY KEY (id);


--
-- Name: auth_permission auth_permission_content_type_id_codename_01ab375a_uniq; Type: CONSTRAINT; Schema: public; Owner: postgres
--

ALTER TABLE ONLY public.auth_permission
    ADD CONSTRAINT auth_permission_content_type_id_codename_01ab375a_uniq UNIQUE (content_type_id, codename);


--
-- Name: auth_permission auth_permission_pkey; Type: CONSTRAINT; Schema: public; Owner: postgres
--

ALTER TABLE ONLY public.auth_permission
    ADD CONSTRAINT auth_permission_pkey PRIMARY KEY (id);


--
-- Name: auth_user_groups auth_user_groups_pkey; Type: CONSTRAINT; Schema: public; Owner: postgres
--

ALTER TABLE ONLY public.auth_user_groups
    ADD CONSTRAINT auth_user_groups_pkey PRIMARY KEY (id);


--
-- Name: auth_user_groups auth_user_groups_user_id_group_id_94350c0c_uniq; Type: CONSTRAINT; Schema: public; Owner: postgres
--

ALTER TABLE ONLY public.auth_user_groups
    ADD CONSTRAINT auth_user_groups_user_id_group_id_94350c0c_uniq UNIQUE (user_id, group_id);


--
-- Name: auth_user auth_user_pkey; Type: CONSTRAINT; Schema: public; Owner: postgres
--

ALTER TABLE ONLY public.auth_user
    ADD CONSTRAINT auth_user_pkey PRIMARY KEY (id);


--
-- Name: auth_user_user_permissions auth_user_user_permissions_pkey; Type: CONSTRAINT; Schema: public; Owner: postgres
--

ALTER TABLE ONLY public.auth_user_user_permissions
    ADD CONSTRAINT auth_user_user_permissions_pkey PRIMARY KEY (id);


--
-- Name: auth_user_user_permissions auth_user_user_permissions_user_id_permission_id_14a6b632_uniq; Type: CONSTRAINT; Schema: public; Owner: postgres
--

ALTER TABLE ONLY public.auth_user_user_permissions
    ADD CONSTRAINT auth_user_user_permissions_user_id_permission_id_14a6b632_uniq UNIQUE (user_id, permission_id);


--
-- Name: auth_user auth_user_username_key; Type: CONSTRAINT; Schema: public; Owner: postgres
--

ALTER TABLE ONLY public.auth_user
    ADD CONSTRAINT auth_user_username_key UNIQUE (username);


--
-- Name: birthday_wishes birthday_wishes_pkey; Type: CONSTRAINT; Schema: public; Owner: postgres
--

ALTER TABLE ONLY public.birthday_wishes
    ADD CONSTRAINT birthday_wishes_pkey PRIMARY KEY (id);


--
-- Name: department_office_access department_office_access_department_office_id_a61ec36e_uniq; Type: CONSTRAINT; Schema: public; Owner: postgres
--

ALTER TABLE ONLY public.department_office_access
    ADD CONSTRAINT department_office_access_department_office_id_a61ec36e_uniq UNIQUE (department, office_id);


--
-- Name: department_office_access department_office_access_pkey; Type: CONSTRAINT; Schema: public; Owner: postgres
--

ALTER TABLE ONLY public.department_office_access
    ADD CONSTRAINT department_office_access_pkey PRIMARY KEY (id);


--
-- Name: django_admin_log django_admin_log_pkey; Type: CONSTRAINT; Schema: public; Owner: postgres
--

ALTER TABLE ONLY public.django_admin_log
    ADD CONSTRAINT django_admin_log_pkey PRIMARY KEY (id);


--
-- Name: django_content_type django_content_type_app_label_model_76bd3d3b_uniq; Type: CONSTRAINT; Schema: public; Owner: postgres
--

ALTER TABLE ONLY public.django_content_type
    ADD CONSTRAINT django_content_type_app_label_model_76bd3d3b_uniq UNIQUE (app_label, model);


--
-- Name: django_content_type django_content_type_pkey; Type: CONSTRAINT; Schema: public; Owner: postgres
--

ALTER TABLE ONLY public.django_content_type
    ADD CONSTRAINT django_content_type_pkey PRIMARY KEY (id);


--
-- Name: django_migrations django_migrations_pkey; Type: CONSTRAINT; Schema: public; Owner: postgres
--

ALTER TABLE ONLY public.django_migrations
    ADD CONSTRAINT django_migrations_pkey PRIMARY KEY (id);


--
-- Name: django_session django_session_pkey; Type: CONSTRAINT; Schema: public; Owner: postgres
--

ALTER TABLE ONLY public.django_session
    ADD CONSTRAINT django_session_pkey PRIMARY KEY (session_key);


--
-- Name: employee_documents employee_documents_pkey; Type: CONSTRAINT; Schema: public; Owner: postgres
--

ALTER TABLE ONLY public.employee_documents
    ADD CONSTRAINT employee_documents_pkey PRIMARY KEY (id);


--
-- Name: employee_profiles employee_profiles_employee_id_key; Type: CONSTRAINT; Schema: public; Owner: postgres
--

ALTER TABLE ONLY public.employee_profiles
    ADD CONSTRAINT employee_profiles_employee_id_key UNIQUE (employee_id);


--
-- Name: employee_profiles employee_profiles_pkey; Type: CONSTRAINT; Schema: public; Owner: postgres
--

ALTER TABLE ONLY public.employee_profiles
    ADD CONSTRAINT employee_profiles_pkey PRIMARY KEY (id);


--
-- Name: employee_requests employee_requests_pkey; Type: CONSTRAINT; Schema: public; Owner: postgres
--

ALTER TABLE ONLY public.employee_requests
    ADD CONSTRAINT employee_requests_pkey PRIMARY KEY (id);


--
-- Name: employees employees_email_key; Type: CONSTRAINT; Schema: public; Owner: postgres
--

ALTER TABLE ONLY public.employees
    ADD CONSTRAINT employees_email_key UNIQUE (email);


--
-- Name: employees employees_pkey; Type: CONSTRAINT; Schema: public; Owner: postgres
--

ALTER TABLE ONLY public.employees
    ADD CONSTRAINT employees_pkey PRIMARY KEY (id);


--
-- Name: employees employees_username_key; Type: CONSTRAINT; Schema: public; Owner: postgres
--

ALTER TABLE ONLY public.employees
    ADD CONSTRAINT employees_username_key UNIQUE (username);


--
-- Name: office_locations office_locations_pkey; Type: CONSTRAINT; Schema: public; Owner: postgres
--

ALTER TABLE ONLY public.office_locations
    ADD CONSTRAINT office_locations_pkey PRIMARY KEY (id);


--
-- Name: task_comments task_comments_pkey; Type: CONSTRAINT; Schema: public; Owner: postgres
--

ALTER TABLE ONLY public.task_comments
    ADD CONSTRAINT task_comments_pkey PRIMARY KEY (id);


--
-- Name: tasks tasks_pkey; Type: CONSTRAINT; Schema: public; Owner: postgres
--

ALTER TABLE ONLY public.tasks
    ADD CONSTRAINT tasks_pkey PRIMARY KEY (id);


--
-- Name: attendance__date_19baa0_idx; Type: INDEX; Schema: public; Owner: postgres
--

CREATE INDEX attendance__date_19baa0_idx ON public.attendance_records USING btree (date);


--
-- Name: attendance__employe_6b3da7_idx; Type: INDEX; Schema: public; Owner: postgres
--

CREATE INDEX attendance__employe_6b3da7_idx ON public.attendance_records USING btree (employee_id, date);


--
-- Name: attendance__status_5b1243_idx; Type: INDEX; Schema: public; Owner: postgres
--

CREATE INDEX attendance__status_5b1243_idx ON public.attendance_records USING btree (status);


--
-- Name: attendance__type_f86ff2_idx; Type: INDEX; Schema: public; Owner: postgres
--

CREATE INDEX attendance__type_f86ff2_idx ON public.attendance_records USING btree (type);


--
-- Name: attendance_records_employee_id_4084fb3e; Type: INDEX; Schema: public; Owner: postgres
--

CREATE INDEX attendance_records_employee_id_4084fb3e ON public.attendance_records USING btree (employee_id);


--
-- Name: attendance_records_office_id_4ccbd62c; Type: INDEX; Schema: public; Owner: postgres
--

CREATE INDEX attendance_records_office_id_4ccbd62c ON public.attendance_records USING btree (office_id);


--
-- Name: attendance_records_office_id_4ccbd62c_like; Type: INDEX; Schema: public; Owner: postgres
--

CREATE INDEX attendance_records_office_id_4ccbd62c_like ON public.attendance_records USING btree (office_id varchar_pattern_ops);


--
-- Name: auth_group_name_a6ea08ec_like; Type: INDEX; Schema: public; Owner: postgres
--

CREATE INDEX auth_group_name_a6ea08ec_like ON public.auth_group USING btree (name varchar_pattern_ops);


--
-- Name: auth_group_permissions_group_id_b120cbf9; Type: INDEX; Schema: public; Owner: postgres
--

CREATE INDEX auth_group_permissions_group_id_b120cbf9 ON public.auth_group_permissions USING btree (group_id);


--
-- Name: auth_group_permissions_permission_id_84c5c92e; Type: INDEX; Schema: public; Owner: postgres
--

CREATE INDEX auth_group_permissions_permission_id_84c5c92e ON public.auth_group_permissions USING btree (permission_id);


--
-- Name: auth_permission_content_type_id_2f476e4b; Type: INDEX; Schema: public; Owner: postgres
--

CREATE INDEX auth_permission_content_type_id_2f476e4b ON public.auth_permission USING btree (content_type_id);


--
-- Name: auth_user_groups_group_id_97559544; Type: INDEX; Schema: public; Owner: postgres
--

CREATE INDEX auth_user_groups_group_id_97559544 ON public.auth_user_groups USING btree (group_id);


--
-- Name: auth_user_groups_user_id_6a12ed8b; Type: INDEX; Schema: public; Owner: postgres
--

CREATE INDEX auth_user_groups_user_id_6a12ed8b ON public.auth_user_groups USING btree (user_id);


--
-- Name: auth_user_user_permissions_permission_id_1fbb5f2c; Type: INDEX; Schema: public; Owner: postgres
--

CREATE INDEX auth_user_user_permissions_permission_id_1fbb5f2c ON public.auth_user_user_permissions USING btree (permission_id);


--
-- Name: auth_user_user_permissions_user_id_a95ead1b; Type: INDEX; Schema: public; Owner: postgres
--

CREATE INDEX auth_user_user_permissions_user_id_a95ead1b ON public.auth_user_user_permissions USING btree (user_id);


--
-- Name: auth_user_username_6821ab7c_like; Type: INDEX; Schema: public; Owner: postgres
--

CREATE INDEX auth_user_username_6821ab7c_like ON public.auth_user USING btree (username varchar_pattern_ops);


--
-- Name: birthday_wi_created_32f2ce_idx; Type: INDEX; Schema: public; Owner: postgres
--

CREATE INDEX birthday_wi_created_32f2ce_idx ON public.birthday_wishes USING btree (created_at);


--
-- Name: birthday_wi_is_read_37001b_idx; Type: INDEX; Schema: public; Owner: postgres
--

CREATE INDEX birthday_wi_is_read_37001b_idx ON public.birthday_wishes USING btree (is_read);


--
-- Name: birthday_wi_receive_13298e_idx; Type: INDEX; Schema: public; Owner: postgres
--

CREATE INDEX birthday_wi_receive_13298e_idx ON public.birthday_wishes USING btree (receiver_id);


--
-- Name: birthday_wishes_receiver_id_94d38fd7; Type: INDEX; Schema: public; Owner: postgres
--

CREATE INDEX birthday_wishes_receiver_id_94d38fd7 ON public.birthday_wishes USING btree (receiver_id);


--
-- Name: birthday_wishes_sender_id_908558dc; Type: INDEX; Schema: public; Owner: postgres
--

CREATE INDEX birthday_wishes_sender_id_908558dc ON public.birthday_wishes USING btree (sender_id);


--
-- Name: department_office_access_office_id_9bc9b611; Type: INDEX; Schema: public; Owner: postgres
--

CREATE INDEX department_office_access_office_id_9bc9b611 ON public.department_office_access USING btree (office_id);


--
-- Name: department_office_access_office_id_9bc9b611_like; Type: INDEX; Schema: public; Owner: postgres
--

CREATE INDEX department_office_access_office_id_9bc9b611_like ON public.department_office_access USING btree (office_id varchar_pattern_ops);


--
-- Name: django_admin_log_content_type_id_c4bce8eb; Type: INDEX; Schema: public; Owner: postgres
--

CREATE INDEX django_admin_log_content_type_id_c4bce8eb ON public.django_admin_log USING btree (content_type_id);


--
-- Name: django_admin_log_user_id_c564eba6; Type: INDEX; Schema: public; Owner: postgres
--

CREATE INDEX django_admin_log_user_id_c564eba6 ON public.django_admin_log USING btree (user_id);


--
-- Name: django_session_expire_date_a5c62663; Type: INDEX; Schema: public; Owner: postgres
--

CREATE INDEX django_session_expire_date_a5c62663 ON public.django_session USING btree (expire_date);


--
-- Name: django_session_session_key_c0390e0f_like; Type: INDEX; Schema: public; Owner: postgres
--

CREATE INDEX django_session_session_key_c0390e0f_like ON public.django_session USING btree (session_key varchar_pattern_ops);


--
-- Name: employee_do_employe_384c00_idx; Type: INDEX; Schema: public; Owner: postgres
--

CREATE INDEX employee_do_employe_384c00_idx ON public.employee_documents USING btree (employee_id, doc_type);


--
-- Name: employee_documents_employee_id_16f2abfe; Type: INDEX; Schema: public; Owner: postgres
--

CREATE INDEX employee_documents_employee_id_16f2abfe ON public.employee_documents USING btree (employee_id);


--
-- Name: employee_re_employe_6ccd85_idx; Type: INDEX; Schema: public; Owner: postgres
--

CREATE INDEX employee_re_employe_6ccd85_idx ON public.employee_requests USING btree (employee_id);


--
-- Name: employee_re_request_8fa918_idx; Type: INDEX; Schema: public; Owner: postgres
--

CREATE INDEX employee_re_request_8fa918_idx ON public.employee_requests USING btree (request_type);


--
-- Name: employee_re_start_d_469845_idx; Type: INDEX; Schema: public; Owner: postgres
--

CREATE INDEX employee_re_start_d_469845_idx ON public.employee_requests USING btree (start_date);


--
-- Name: employee_re_status_4ff3e7_idx; Type: INDEX; Schema: public; Owner: postgres
--

CREATE INDEX employee_re_status_4ff3e7_idx ON public.employee_requests USING btree (status);


--
-- Name: employee_requests_employee_id_0e642262; Type: INDEX; Schema: public; Owner: postgres
--

CREATE INDEX employee_requests_employee_id_0e642262 ON public.employee_requests USING btree (employee_id);


--
-- Name: employee_requests_reviewed_by_id_f46844fd; Type: INDEX; Schema: public; Owner: postgres
--

CREATE INDEX employee_requests_reviewed_by_id_f46844fd ON public.employee_requests USING btree (reviewed_by_id);


--
-- Name: employees_departm_ef7a1f_idx; Type: INDEX; Schema: public; Owner: postgres
--

CREATE INDEX employees_departm_ef7a1f_idx ON public.employees USING btree (department);


--
-- Name: employees_email_c3f945b9_like; Type: INDEX; Schema: public; Owner: postgres
--

CREATE INDEX employees_email_c3f945b9_like ON public.employees USING btree (email varchar_pattern_ops);


--
-- Name: employees_email_f66e96_idx; Type: INDEX; Schema: public; Owner: postgres
--

CREATE INDEX employees_email_f66e96_idx ON public.employees USING btree (email);


--
-- Name: employees_is_acti_e91717_idx; Type: INDEX; Schema: public; Owner: postgres
--

CREATE INDEX employees_is_acti_e91717_idx ON public.employees USING btree (is_active);


--
-- Name: employees_manager_id_0674f795; Type: INDEX; Schema: public; Owner: postgres
--

CREATE INDEX employees_manager_id_0674f795 ON public.employees USING btree (manager_id);


--
-- Name: employees_usernam_b4c359_idx; Type: INDEX; Schema: public; Owner: postgres
--

CREATE INDEX employees_usernam_b4c359_idx ON public.employees USING btree (username);


--
-- Name: employees_username_3c33a186_like; Type: INDEX; Schema: public; Owner: postgres
--

CREATE INDEX employees_username_3c33a186_like ON public.employees USING btree (username varchar_pattern_ops);


--
-- Name: office_locations_id_3121ad92_like; Type: INDEX; Schema: public; Owner: postgres
--

CREATE INDEX office_locations_id_3121ad92_like ON public.office_locations USING btree (id varchar_pattern_ops);


--
-- Name: task_comments_author_id_439970b0; Type: INDEX; Schema: public; Owner: postgres
--

CREATE INDEX task_comments_author_id_439970b0 ON public.task_comments USING btree (author_id);


--
-- Name: task_comments_task_id_774b925c; Type: INDEX; Schema: public; Owner: postgres
--

CREATE INDEX task_comments_task_id_774b925c ON public.task_comments USING btree (task_id);


--
-- Name: tasks_assigne_00feb5_idx; Type: INDEX; Schema: public; Owner: postgres
--

CREATE INDEX tasks_assigne_00feb5_idx ON public.tasks USING btree (assigned_to_id);


--
-- Name: tasks_assigned_to_id_942feeaf; Type: INDEX; Schema: public; Owner: postgres
--

CREATE INDEX tasks_assigned_to_id_942feeaf ON public.tasks USING btree (assigned_to_id);


--
-- Name: tasks_created_816ff3_idx; Type: INDEX; Schema: public; Owner: postgres
--

CREATE INDEX tasks_created_816ff3_idx ON public.tasks USING btree (created_by_id);


--
-- Name: tasks_created_by_id_454154e7; Type: INDEX; Schema: public; Owner: postgres
--

CREATE INDEX tasks_created_by_id_454154e7 ON public.tasks USING btree (created_by_id);


--
-- Name: tasks_due_dat_0359a9_idx; Type: INDEX; Schema: public; Owner: postgres
--

CREATE INDEX tasks_due_dat_0359a9_idx ON public.tasks USING btree (due_date);


--
-- Name: tasks_manager_id_c5f7e6c5; Type: INDEX; Schema: public; Owner: postgres
--

CREATE INDEX tasks_manager_id_c5f7e6c5 ON public.tasks USING btree (manager_id);


--
-- Name: tasks_status_031d4c_idx; Type: INDEX; Schema: public; Owner: postgres
--

CREATE INDEX tasks_status_031d4c_idx ON public.tasks USING btree (status);


--
-- Name: attendance_records attendance_records_employee_id_4084fb3e_fk_employees_id; Type: FK CONSTRAINT; Schema: public; Owner: postgres
--

ALTER TABLE ONLY public.attendance_records
    ADD CONSTRAINT attendance_records_employee_id_4084fb3e_fk_employees_id FOREIGN KEY (employee_id) REFERENCES public.employees(id) DEFERRABLE INITIALLY DEFERRED;


--
-- Name: attendance_records attendance_records_office_id_4ccbd62c_fk_office_locations_id; Type: FK CONSTRAINT; Schema: public; Owner: postgres
--

ALTER TABLE ONLY public.attendance_records
    ADD CONSTRAINT attendance_records_office_id_4ccbd62c_fk_office_locations_id FOREIGN KEY (office_id) REFERENCES public.office_locations(id) DEFERRABLE INITIALLY DEFERRED;


--
-- Name: auth_group_permissions auth_group_permissio_permission_id_84c5c92e_fk_auth_perm; Type: FK CONSTRAINT; Schema: public; Owner: postgres
--

ALTER TABLE ONLY public.auth_group_permissions
    ADD CONSTRAINT auth_group_permissio_permission_id_84c5c92e_fk_auth_perm FOREIGN KEY (permission_id) REFERENCES public.auth_permission(id) DEFERRABLE INITIALLY DEFERRED;


--
-- Name: auth_group_permissions auth_group_permissions_group_id_b120cbf9_fk_auth_group_id; Type: FK CONSTRAINT; Schema: public; Owner: postgres
--

ALTER TABLE ONLY public.auth_group_permissions
    ADD CONSTRAINT auth_group_permissions_group_id_b120cbf9_fk_auth_group_id FOREIGN KEY (group_id) REFERENCES public.auth_group(id) DEFERRABLE INITIALLY DEFERRED;


--
-- Name: auth_permission auth_permission_content_type_id_2f476e4b_fk_django_co; Type: FK CONSTRAINT; Schema: public; Owner: postgres
--

ALTER TABLE ONLY public.auth_permission
    ADD CONSTRAINT auth_permission_content_type_id_2f476e4b_fk_django_co FOREIGN KEY (content_type_id) REFERENCES public.django_content_type(id) DEFERRABLE INITIALLY DEFERRED;


--
-- Name: auth_user_groups auth_user_groups_group_id_97559544_fk_auth_group_id; Type: FK CONSTRAINT; Schema: public; Owner: postgres
--

ALTER TABLE ONLY public.auth_user_groups
    ADD CONSTRAINT auth_user_groups_group_id_97559544_fk_auth_group_id FOREIGN KEY (group_id) REFERENCES public.auth_group(id) DEFERRABLE INITIALLY DEFERRED;


--
-- Name: auth_user_groups auth_user_groups_user_id_6a12ed8b_fk_auth_user_id; Type: FK CONSTRAINT; Schema: public; Owner: postgres
--

ALTER TABLE ONLY public.auth_user_groups
    ADD CONSTRAINT auth_user_groups_user_id_6a12ed8b_fk_auth_user_id FOREIGN KEY (user_id) REFERENCES public.auth_user(id) DEFERRABLE INITIALLY DEFERRED;


--
-- Name: auth_user_user_permissions auth_user_user_permi_permission_id_1fbb5f2c_fk_auth_perm; Type: FK CONSTRAINT; Schema: public; Owner: postgres
--

ALTER TABLE ONLY public.auth_user_user_permissions
    ADD CONSTRAINT auth_user_user_permi_permission_id_1fbb5f2c_fk_auth_perm FOREIGN KEY (permission_id) REFERENCES public.auth_permission(id) DEFERRABLE INITIALLY DEFERRED;


--
-- Name: auth_user_user_permissions auth_user_user_permissions_user_id_a95ead1b_fk_auth_user_id; Type: FK CONSTRAINT; Schema: public; Owner: postgres
--

ALTER TABLE ONLY public.auth_user_user_permissions
    ADD CONSTRAINT auth_user_user_permissions_user_id_a95ead1b_fk_auth_user_id FOREIGN KEY (user_id) REFERENCES public.auth_user(id) DEFERRABLE INITIALLY DEFERRED;


--
-- Name: birthday_wishes birthday_wishes_receiver_id_94d38fd7_fk_employees_id; Type: FK CONSTRAINT; Schema: public; Owner: postgres
--

ALTER TABLE ONLY public.birthday_wishes
    ADD CONSTRAINT birthday_wishes_receiver_id_94d38fd7_fk_employees_id FOREIGN KEY (receiver_id) REFERENCES public.employees(id) DEFERRABLE INITIALLY DEFERRED;


--
-- Name: birthday_wishes birthday_wishes_sender_id_908558dc_fk_employees_id; Type: FK CONSTRAINT; Schema: public; Owner: postgres
--

ALTER TABLE ONLY public.birthday_wishes
    ADD CONSTRAINT birthday_wishes_sender_id_908558dc_fk_employees_id FOREIGN KEY (sender_id) REFERENCES public.employees(id) DEFERRABLE INITIALLY DEFERRED;


--
-- Name: department_office_access department_office_ac_office_id_9bc9b611_fk_office_lo; Type: FK CONSTRAINT; Schema: public; Owner: postgres
--

ALTER TABLE ONLY public.department_office_access
    ADD CONSTRAINT department_office_ac_office_id_9bc9b611_fk_office_lo FOREIGN KEY (office_id) REFERENCES public.office_locations(id) DEFERRABLE INITIALLY DEFERRED;


--
-- Name: django_admin_log django_admin_log_content_type_id_c4bce8eb_fk_django_co; Type: FK CONSTRAINT; Schema: public; Owner: postgres
--

ALTER TABLE ONLY public.django_admin_log
    ADD CONSTRAINT django_admin_log_content_type_id_c4bce8eb_fk_django_co FOREIGN KEY (content_type_id) REFERENCES public.django_content_type(id) DEFERRABLE INITIALLY DEFERRED;


--
-- Name: django_admin_log django_admin_log_user_id_c564eba6_fk_auth_user_id; Type: FK CONSTRAINT; Schema: public; Owner: postgres
--

ALTER TABLE ONLY public.django_admin_log
    ADD CONSTRAINT django_admin_log_user_id_c564eba6_fk_auth_user_id FOREIGN KEY (user_id) REFERENCES public.auth_user(id) DEFERRABLE INITIALLY DEFERRED;


--
-- Name: employee_documents employee_documents_employee_id_16f2abfe_fk_employees_id; Type: FK CONSTRAINT; Schema: public; Owner: postgres
--

ALTER TABLE ONLY public.employee_documents
    ADD CONSTRAINT employee_documents_employee_id_16f2abfe_fk_employees_id FOREIGN KEY (employee_id) REFERENCES public.employees(id) DEFERRABLE INITIALLY DEFERRED;


--
-- Name: employee_profiles employee_profiles_employee_id_099ef5a3_fk_employees_id; Type: FK CONSTRAINT; Schema: public; Owner: postgres
--

ALTER TABLE ONLY public.employee_profiles
    ADD CONSTRAINT employee_profiles_employee_id_099ef5a3_fk_employees_id FOREIGN KEY (employee_id) REFERENCES public.employees(id) DEFERRABLE INITIALLY DEFERRED;


--
-- Name: employee_requests employee_requests_employee_id_0e642262_fk_employees_id; Type: FK CONSTRAINT; Schema: public; Owner: postgres
--

ALTER TABLE ONLY public.employee_requests
    ADD CONSTRAINT employee_requests_employee_id_0e642262_fk_employees_id FOREIGN KEY (employee_id) REFERENCES public.employees(id) DEFERRABLE INITIALLY DEFERRED;


--
-- Name: employee_requests employee_requests_reviewed_by_id_f46844fd_fk_employees_id; Type: FK CONSTRAINT; Schema: public; Owner: postgres
--

ALTER TABLE ONLY public.employee_requests
    ADD CONSTRAINT employee_requests_reviewed_by_id_f46844fd_fk_employees_id FOREIGN KEY (reviewed_by_id) REFERENCES public.employees(id) DEFERRABLE INITIALLY DEFERRED;


--
-- Name: employees employees_manager_id_0674f795_fk_employees_id; Type: FK CONSTRAINT; Schema: public; Owner: postgres
--

ALTER TABLE ONLY public.employees
    ADD CONSTRAINT employees_manager_id_0674f795_fk_employees_id FOREIGN KEY (manager_id) REFERENCES public.employees(id) DEFERRABLE INITIALLY DEFERRED;


--
-- Name: task_comments task_comments_author_id_439970b0_fk_employees_id; Type: FK CONSTRAINT; Schema: public; Owner: postgres
--

ALTER TABLE ONLY public.task_comments
    ADD CONSTRAINT task_comments_author_id_439970b0_fk_employees_id FOREIGN KEY (author_id) REFERENCES public.employees(id) DEFERRABLE INITIALLY DEFERRED;


--
-- Name: task_comments task_comments_task_id_774b925c_fk_tasks_id; Type: FK CONSTRAINT; Schema: public; Owner: postgres
--

ALTER TABLE ONLY public.task_comments
    ADD CONSTRAINT task_comments_task_id_774b925c_fk_tasks_id FOREIGN KEY (task_id) REFERENCES public.tasks(id) DEFERRABLE INITIALLY DEFERRED;


--
-- Name: tasks tasks_assigned_to_id_942feeaf_fk_employees_id; Type: FK CONSTRAINT; Schema: public; Owner: postgres
--

ALTER TABLE ONLY public.tasks
    ADD CONSTRAINT tasks_assigned_to_id_942feeaf_fk_employees_id FOREIGN KEY (assigned_to_id) REFERENCES public.employees(id) DEFERRABLE INITIALLY DEFERRED;


--
-- Name: tasks tasks_created_by_id_454154e7_fk_employees_id; Type: FK CONSTRAINT; Schema: public; Owner: postgres
--

ALTER TABLE ONLY public.tasks
    ADD CONSTRAINT tasks_created_by_id_454154e7_fk_employees_id FOREIGN KEY (created_by_id) REFERENCES public.employees(id) DEFERRABLE INITIALLY DEFERRED;


--
-- Name: tasks tasks_manager_id_c5f7e6c5_fk_employees_id; Type: FK CONSTRAINT; Schema: public; Owner: postgres
--

ALTER TABLE ONLY public.tasks
    ADD CONSTRAINT tasks_manager_id_c5f7e6c5_fk_employees_id FOREIGN KEY (manager_id) REFERENCES public.employees(id) DEFERRABLE INITIALLY DEFERRED;


--
-- PostgreSQL database dump complete
--

\unrestrict XV2ntvne6qwVLhbYbhcqfqyW5fEFnELMMu5xjhnLcB7T43DyEOgPvQ5bOBP50dD

